image_path,A,B,C,D,E,F,G
img001.jpg,1,1,1,0,1,1,1
img002.jpg,0,1,0,1,0,0,1
img003.jpg,1,0,0,0,0,0,1
img004.jpg,0,1,1,1,0,0,0
img005.jpg,1,0,0,1,1,0,0
img006.jpg,0,0,1,1,0,1,0
img007.jpg,0,0,1,0,0,0,1
img008.jpg,1,0,0,1,0,0,0
img009.jpg,0,1,1,0,0,0,1
img010.jpg,0,0,0,0,1,0,0
img011.jpg,0,1,0,0,0,0,1
img012.jpg,0,1,1,0,0,1,1
img013.jpg,0,1,1,0,0,0,1
img014.jpg,0,1,1,0,0,0,1
img015.jpg,0,0,1,0,0,0,0
img016.jpg,0,0,1,0,0,0,1
img017.jpg,1,1,0,0,1,0,1
img018.jpg,1,0,1,0,0,0,0
img019.jpg,1,1,1,0,0,0,1
img020.jpg,1,1,1,0,0,1,0
img021.jpg,0,1,0,1,1,1,0
img022.jpg,1,1,1,0,1,0,0
img023.jpg,0,0,0,1,0,0,0
img024.jpg,0,0,1,0,1,0,0
img025.jpg,0,0,0,1,1,0,1
img026.jpg,0,0,1,0,0,1,1
img027.jpg,0,0,1,1,1,0,1
img028.jpg,1,1,0,1,0,1,0
img029.jpg,0,0,0,0,1,1,0
img030.jpg,0,0,1,1,1,1,1
img031.jpg,0,1,1,0,1,0,0
img032.jpg,1,0,1,0,1,0,1
img033.jpg,1,0,1,0,1,0,1
img034.jpg,0,1,0,1,1,0,0
img035.jpg,0,0,1,1,1,1,0
img036.jpg,1,1,1,1,1,0,0
img037.jpg,1,1,0,1,1,0,0
img038.jpg,1,1,1,1,1,1,1
img039.jpg,1,0,1,0,0,1,0
img040.jpg,1,0,0,1,1,1,1
img041.jpg,1,1,0,0,0,0,1
img042.jpg,1,0,1,0,0,0,0
img043.jpg,0,1,1,0,1,0,1
img044.jpg,1,1,0,1,0,0,1
img045.jpg,1,1,1,1,0,0,0
img046.jpg,0,0,0,0,1,1,0
img047.jpg,0,1,0,0,1,0,0
img048.jpg,0,1,1,1,0,1,0
img049.jpg,0,0,1,1,1,1,1
img050.jpg,1,1,1,0,1,0,0
img051.jpg,0,0,0,1,1,1,1
img052.jpg,0,1,0,0,0,1,1
img053.jpg,1,1,1,0,1,0,1
img054.jpg,0,0,0,1,1,1,0
img055.jpg,0,1,1,0,1,1,0
img056.jpg,0,1,1,1,0,0,0
img057.jpg,0,0,1,1,0,0,1
img058.jpg,1,1,1,0,1,0,1
img059.jpg,0,0,1,0,1,0,1
img060.jpg,1,0,1,1,1,1,0
img061.jpg,1,1,0,1,1,1,1
img062.jpg,0,1,0,1,1,1,1
img063.jpg,0,1,0,1,0,0,0
img064.jpg,0,1,1,1,1,1,1
img065.jpg,0,0,0,0,0,1,1
img066.jpg,0,1,1,0,0,0,1
img067.jpg,1,1,1,0,1,0,1
img068.jpg,0,0,0,0,1,0,1
img069.jpg,0,0,0,0,1,0,0
img070.jpg,0,1,1,1,1,0,1
img071.jpg,0,1,1,0,1,0,0
img072.jpg,0,0,0,0,0,0,1
img073.jpg,0,0,1,0,1,1,1
img074.jpg,1,0,1,0,0,0,0
img075.jpg,0,0,0,1,0,1,1
img076.jpg,0,1,1,0,0,0,0
img077.jpg,1,0,0,1,0,1,1
img078.jpg,0,0,1,1,1,1,0
img079.jpg,1,1,0,0,1,1,0
img080.jpg,0,0,0,0,0,1,1
img081.jpg,0,0,1,1,1,0,1
img082.jpg,1,1,1,1,0,0,0
img083.jpg,0,0,1,1,1,0,0
img084.jpg,0,1,1,0,1,1,1
img085.jpg,1,0,1,0,1,0,0
img086.jpg,1,1,0,0,0,1,1
img087.jpg,1,0,0,1,1,0,0
img088.jpg,0,0,0,0,1,1,0
img089.jpg,0,0,1,0,1,0,0
img090.jpg,1,0,1,0,0,0,1
img091.jpg,0,1,0,0,0,1,1
img092.jpg,1,0,0,0,1,1,1
img093.jpg,0,0,0,0,1,0,1
img094.jpg,1,1,1,1,0,1,1
img095.jpg,0,1,0,0,0,0,0
img096.jpg,0,0,1,1,1,1,0
img097.jpg,1,0,0,0,0,1,0
img098.jpg,1,1,1,1,1,0,1
img099.jpg,0,1,0,0,1,1,1
img100.jpg,1,1,0,0,0,1,1
img101.jpg,0,0,1,0,1,0,0
img102.jpg,1,0,1,0,0,0,0
img103.jpg,1,1,1,1,0,1,1
img104.jpg,0,0,1,0,0,1,1
img105.jpg,1,0,1,0,0,1,0
img106.jpg,0,0,0,1,0,0,0
img107.jpg,0,1,1,1,1,0,1
img108.jpg,1,1,0,1,1,1,1
img109.jpg,0,1,1,1,1,0,1
img110.jpg,0,1,0,1,0,0,1
img111.jpg,0,0,0,1,0,1,0
img112.jpg,1,0,0,0,0,1,0
img113.jpg,0,0,0,1,0,1,0
img114.jpg,0,0,1,1,1,1,0
img115.jpg,0,1,1,0,0,0,1
img116.jpg,1,1,0,0,0,1,0
img117.jpg,0,1,1,0,1,0,0
img118.jpg,0,1,1,0,0,0,1
img119.jpg,0,0,1,0,1,1,1
img120.jpg,0,1,0,1,0,1,1
img121.jpg,0,0,0,1,1,1,1
img122.jpg,0,1,0,1,0,0,0
img123.jpg,0,0,0,1,0,0,1
img124.jpg,0,1,1,0,1,1,1
img125.jpg,0,1,1,1,0,1,0
img126.jpg,0,0,0,1,1,1,1
img127.jpg,0,0,1,1,1,1,1
img128.jpg,1,1,0,0,0,0,1
img129.jpg,1,0,1,0,1,0,0
img130.jpg,0,0,0,1,0,0,1
img131.jpg,0,1,1,0,1,1,0
img132.jpg,0,1,1,1,1,0,1
img133.jpg,0,0,1,0,1,0,0
img134.jpg,1,0,0,1,0,0,0
img135.jpg,1,1,1,1,1,1,1
img136.jpg,1,0,1,1,0,1,1
img137.jpg,1,0,0,0,0,0,0
img138.jpg,0,1,0,0,0,0,0
img139.jpg,0,0,0,1,1,1,1
img140.jpg,0,1,0,0,0,1,1
img141.jpg,1,0,0,0,1,0,1
img142.jpg,1,1,0,1,0,1,0
img143.jpg,1,0,1,0,0,1,1
img144.jpg,1,0,1,0,1,1,1
img145.jpg,1,1,1,1,0,1,0
img146.jpg,0,1,0,0,1,0,0
img147.jpg,0,0,0,0,0,1,0
img148.jpg,0,0,1,1,1,1,1
img149.jpg,1,1,1,0,0,0,0
img150.jpg,0,1,1,1,0,0,1
img151.jpg,1,1,0,1,0,0,0
img152.jpg,1,0,0,0,1,0,0
img153.jpg,0,1,1,1,1,1,0
img154.jpg,0,1,0,1,1,0,1
img155.jpg,0,1,0,1,1,0,0
img156.jpg,0,1,1,0,0,0,0
img157.jpg,0,0,0,0,0,0,1
img158.jpg,1,0,0,0,1,0,1
img159.jpg,1,1,0,0,0,1,0
img160.jpg,0,1,0,0,0,1,1
img161.jpg,0,0,0,1,0,0,1
img162.jpg,0,0,1,0,1,0,0
img163.jpg,1,0,1,0,0,0,0
img164.jpg,1,1,1,0,0,0,1
img165.jpg,0,0,1,1,0,0,1
img166.jpg,0,1,0,1,1,1,1
img167.jpg,1,1,1,0,0,0,0
img168.jpg,1,1,1,0,1,1,1
img169.jpg,0,1,0,0,1,0,1
img170.jpg,1,0,1,1,0,0,0
img171.jpg,0,1,0,0,1,0,1
img172.jpg,0,0,0,0,1,0,1
img173.jpg,0,0,0,1,0,1,1
img174.jpg,1,0,0,1,1,0,1
img175.jpg,0,1,0,1,0,0,0
img176.jpg,1,1,0,1,1,1,0
img177.jpg,0,0,1,0,0,1,0
img178.jpg,0,1,1,0,0,1,0
img179.jpg,0,0,0,1,0,1,1
img180.jpg,0,0,1,0,0,1,1
img181.jpg,0,0,1,0,1,1,1
img182.jpg,1,0,1,1,0,1,0
img183.jpg,0,1,0,0,0,0,0
img184.jpg,0,1,0,1,1,0,0
img185.jpg,1,1,1,0,0,0,0
img186.jpg,0,0,0,1,1,1,0
img187.jpg,1,0,0,1,1,1,1
img188.jpg,0,0,1,0,0,0,1
img189.jpg,0,1,1,1,1,1,0
img190.jpg,0,0,1,1,1,0,0
img191.jpg,0,0,1,1,1,0,0
img192.jpg,0,1,0,1,1,1,0
img193.jpg,1,0,1,1,1,1,0
img194.jpg,1,1,0,1,0,1,0
img195.jpg,1,1,1,0,1,0,0
img196.jpg,0,0,1,0,1,0,1
img197.jpg,1,0,1,1,1,1,1
img198.jpg,1,0,1,1,1,1,1
img199.jpg,1,1,0,1,0,0,1
img200.jpg,1,1,1,1,0,1,1
img201.jpg,0,0,0,0,1,1,1
img202.jpg,1,1,0,1,1,0,0
img203.jpg,0,1,1,1,1,1,1
img204.jpg,1,0,0,0,0,0,1
img205.jpg,1,1,1,0,0,0,1
img206.jpg,0,1,0,0,0,1,1
img207.jpg,1,0,0,1,1,1,0
img208.jpg,1,0,1,0,1,1,1
img209.jpg,0,0,0,0,0,1,1
img210.jpg,1,1,0,0,0,1,0
img211.jpg,1,0,0,0,1,1,1
img212.jpg,0,1,0,0,0,1,0
img213.jpg,0,1,0,0,0,1,1
img214.jpg,1,1,1,1,0,0,1
img215.jpg,0,1,1,0,1,0,0
img216.jpg,1,0,0,1,1,0,1
img217.jpg,1,0,0,0,0,0,1
img218.jpg,1,1,0,0,1,1,1
img219.jpg,1,1,0,1,1,1,0
img220.jpg,1,1,1,0,1,0,0
img221.jpg,1,1,0,0,1,1,1
img222.jpg,1,0,0,0,0,0,1
img223.jpg,0,1,0,0,1,1,0
img224.jpg,0,1,1,1,0,1,0
img225.jpg,1,0,0,0,0,0,1
img226.jpg,1,0,0,1,1,0,1
img227.jpg,1,1,0,1,0,0,1
img228.jpg,1,1,0,1,0,1,0
img229.jpg,1,1,1,1,0,0,0
img230.jpg,0,1,0,0,0,0,1
img231.jpg,0,1,1,1,0,0,0
img232.jpg,1,0,1,1,1,0,0
img233.jpg,0,1,0,0,0,1,1
img234.jpg,0,1,0,1,0,1,0
img235.jpg,0,1,1,1,0,1,1
img236.jpg,1,1,1,0,1,0,1
img237.jpg,1,1,1,1,1,0,1
img238.jpg,1,0,1,1,1,0,1
img239.jpg,0,1,1,0,1,0,1
img240.jpg,0,1,1,1,1,1,0
img241.jpg,1,0,1,1,1,0,0
img242.jpg,0,1,1,1,1,0,0
img243.jpg,0,0,1,0,0,0,1
img244.jpg,1,0,1,1,0,1,1
img245.jpg,0,0,1,1,0,1,1
img246.jpg,0,1,1,0,0,0,1
img247.jpg,0,1,0,1,0,1,1
img248.jpg,1,0,0,0,1,0,1
img249.jpg,0,0,1,1,0,1,1
img250.jpg,0,0,0,1,0,1,1
img251.jpg,0,0,1,0,1,1,1
img252.jpg,0,0,0,0,0,1,0
img253.jpg,0,1,0,1,1,0,1
img254.jpg,1,0,1,0,1,1,0
img255.jpg,1,0,1,0,1,0,0
img256.jpg,0,1,1,0,1,1,0
img257.jpg,0,0,0,1,0,0,0
img258.jpg,0,1,1,1,1,0,1
img259.jpg,1,0,1,1,1,1,1
img260.jpg,0,1,1,0,1,0,0
img261.jpg,0,0,0,1,1,0,1
img262.jpg,1,0,0,1,1,1,0
img263.jpg,1,0,1,1,1,1,0
img264.jpg,0,1,0,0,1,1,1
img265.jpg,1,0,0,1,0,1,1
img266.jpg,0,0,0,1,1,0,0
img267.jpg,0,0,1,0,0,1,1
img268.jpg,0,1,0,1,0,0,0
img269.jpg,0,0,0,1,1,1,0
img270.jpg,1,1,1,1,1,1,0
img271.jpg,0,0,1,1,0,0,0
img272.jpg,0,0,0,1,0,0,0
img273.jpg,0,0,1,0,0,1,0
img274.jpg,0,1,1,1,1,0,1
img275.jpg,1,1,1,1,1,1,1
img276.jpg,0,0,1,0,0,0,1
img277.jpg,1,0,1,0,0,0,1
img278.jpg,1,1,0,1,1,0,0
img279.jpg,0,0,1,1,0,1,0
img280.jpg,0,0,1,0,1,1,1
img281.jpg,0,1,0,0,1,1,0
img282.jpg,1,1,0,0,0,0,0
img283.jpg,0,1,0,0,0,1,1
img284.jpg,1,1,1,0,1,1,0
img285.jpg,0,0,1,1,1,1,1
img286.jpg,1,0,0,1,1,0,0
img287.jpg,0,0,1,0,1,1,1
img288.jpg,1,0,1,1,1,1,1
img289.jpg,0,1,0,0,1,0,0
img290.jpg,0,1,0,0,0,1,1
img291.jpg,1,0,0,0,1,1,0
img292.jpg,1,0,0,0,1,1,1
img293.jpg,0,1,1,0,1,1,0
img294.jpg,1,1,0,0,1,1,0
img295.jpg,1,0,1,1,0,1,0
img296.jpg,1,0,0,1,0,0,1
img297.jpg,1,1,1,0,0,0,0
img298.jpg,1,0,1,1,0,1,1
img299.jpg,0,0,1,0,0,0,1
img300.jpg,1,1,0,1,0,0,1
img301.jpg,0,0,1,0,1,0,1
img302.jpg,0,1,0,1,1,1,1
img303.jpg,1,1,0,1,1,1,1
img304.jpg,1,1,0,0,0,1,1
img305.jpg,0,0,0,1,0,0,0
img306.jpg,1,0,1,0,0,1,1
img307.jpg,1,1,1,0,0,1,0
img308.jpg,0,0,1,1,0,1,1
img309.jpg,1,1,0,0,1,1,0
img310.jpg,1,1,0,0,0,1,0
img311.jpg,1,1,1,1,1,1,1
img312.jpg,0,0,1,1,0,0,1
img313.jpg,0,1,1,1,1,1,0
img314.jpg,0,1,1,0,1,0,1
img315.jpg,1,1,0,1,0,1,1
img316.jpg,1,1,0,0,1,1,1
img317.jpg,0,0,1,1,0,0,0
img318.jpg,1,0,0,0,0,0,0
img319.jpg,1,0,1,1,0,0,0
img320.jpg,1,0,0,1,1,1,0
img321.jpg,0,1,0,1,0,1,1
img322.jpg,1,0,0,0,0,1,0
img323.jpg,0,0,1,0,0,1,1
img324.jpg,0,1,0,0,1,1,0
img325.jpg,0,1,1,0,1,0,1
img326.jpg,0,0,0,1,1,0,1
img327.jpg,1,1,0,0,1,1,1
img328.jpg,1,1,0,1,1,1,1
img329.jpg,1,0,1,1,1,1,1
img330.jpg,1,1,1,0,1,0,1
img331.jpg,0,0,1,0,0,0,0
img332.jpg,0,1,1,1,0,0,0
img333.jpg,1,1,1,1,1,1,1
img334.jpg,0,0,0,0,1,1,0
img335.jpg,0,0,0,0,0,1,0
img336.jpg,1,0,1,1,1,0,1
img337.jpg,0,1,0,0,0,0,1
img338.jpg,0,0,1,1,0,1,1
img339.jpg,0,0,0,0,0,1,0
img340.jpg,0,0,1,0,1,0,0
img341.jpg,1,1,0,1,0,0,0
img342.jpg,0,0,1,0,0,1,0
img343.jpg,1,0,1,1,0,0,1
img344.jpg,0,1,0,1,1,1,1
img345.jpg,0,0,1,1,1,0,0
img346.jpg,0,0,0,0,1,1,0
img347.jpg,1,1,1,1,1,1,1
img348.jpg,1,1,1,0,1,0,1
img349.jpg,1,1,0,1,0,1,0
img350.jpg,0,0,1,1,0,1,1
img351.jpg,0,0,0,1,1,1,1
img352.jpg,1,1,0,0,1,1,1
img353.jpg,0,1,0,1,1,1,1
img354.jpg,1,1,0,0,1,0,1
img355.jpg,0,0,1,1,1,0,0
img356.jpg,0,0,1,0,0,0,0
img357.jpg,1,0,1,0,0,1,0
img358.jpg,1,1,1,0,0,1,0
img359.jpg,1,0,1,1,0,0,0
img360.jpg,0,1,1,0,0,1,0
img361.jpg,1,0,1,0,1,1,1
img362.jpg,1,0,1,0,0,0,1
img363.jpg,1,1,1,0,1,1,0
img364.jpg,0,1,1,1,0,1,0
img365.jpg,1,1,1,0,1,1,1
img366.jpg,1,0,1,0,1,1,1
img367.jpg,0,0,1,1,1,1,1
img368.jpg,0,0,0,0,0,0,1
img369.jpg,1,0,0,1,0,0,0
img370.jpg,0,1,1,0,0,0,0
img371.jpg,0,0,1,1,0,0,0
img372.jpg,0,1,1,0,0,0,0
img373.jpg,1,0,1,0,0,1,1
img374.jpg,0,1,0,0,1,0,0
img375.jpg,0,1,1,1,0,0,1
img376.jpg,1,1,0,1,1,0,0
img377.jpg,1,0,1,0,0,1,0
img378.jpg,1,1,1,1,1,0,0
img379.jpg,1,0,1,1,0,0,0
img380.jpg,0,1,0,0,0,0,1
img381.jpg,1,0,1,0,1,1,0
img382.jpg,1,0,1,1,0,0,0
img383.jpg,1,1,0,0,0,1,1
img384.jpg,0,1,0,1,1,1,0
img385.jpg,1,0,1,1,0,0,1
img386.jpg,1,1,1,1,0,1,1
img387.jpg,0,1,0,0,1,0,1
img388.jpg,1,1,0,1,1,0,1
img389.jpg,1,0,1,1,1,1,0
img390.jpg,0,1,1,1,0,0,1
img391.jpg,0,0,0,1,0,1,1
img392.jpg,0,1,1,0,1,1,0
img393.jpg,1,1,1,0,0,1,1
img394.jpg,1,0,1,1,1,0,0
img395.jpg,1,1,0,0,1,0,0
img396.jpg,1,0,0,0,1,1,1
img397.jpg,1,0,0,1,0,1,1
img398.jpg,1,0,1,0,0,1,1
img399.jpg,0,0,1,0,1,1,0
img400.jpg,0,0,0,0,1,1,1
img401.jpg,1,0,1,1,1,1,1
img402.jpg,1,1,1,0,1,0,1
img403.jpg,0,1,0,1,0,0,0
img404.jpg,1,0,1,0,0,1,0
img405.jpg,1,1,1,1,0,1,0
img406.jpg,0,0,0,1,1,0,1
img407.jpg,0,0,1,1,1,0,0
img408.jpg,1,0,1,0,1,1,0
img409.jpg,0,1,0,1,1,1,0
img410.jpg,0,0,0,1,0,1,0
img411.jpg,0,0,1,1,1,1,0
img412.jpg,1,1,0,0,1,1,0
img413.jpg,0,1,1,0,1,0,0
img414.jpg,1,0,1,1,1,1,0
img415.jpg,0,1,0,0,1,0,0
img416.jpg,0,0,0,0,0,1,1
img417.jpg,1,0,0,0,0,0,0
img418.jpg,0,1,0,0,0,1,0
img419.jpg,1,0,0,0,0,0,0
img420.jpg,0,1,1,0,0,1,1
img421.jpg,1,0,1,0,1,0,0
img422.jpg,0,1,0,1,1,0,0
img423.jpg,0,1,0,1,0,0,0
img424.jpg,1,0,1,1,1,0,0
img425.jpg,1,1,1,0,0,1,1
img426.jpg,0,0,0,1,0,0,1
img427.jpg,0,0,0,1,1,1,0
img428.jpg,0,1,1,0,1,0,0
img429.jpg,0,0,0,0,1,0,0
img430.jpg,0,0,0,0,1,0,1
img431.jpg,1,0,0,1,0,0,0
img432.jpg,1,0,0,0,1,0,0
img433.jpg,1,1,0,1,0,0,0
img434.jpg,1,1,0,1,0,1,1
img435.jpg,1,1,0,0,1,0,1
img436.jpg,0,0,0,1,0,1,1
img437.jpg,1,1,1,1,0,1,0
img438.jpg,1,1,0,1,0,0,1
img439.jpg,0,0,0,0,1,0,1
img440.jpg,0,0,0,1,1,1,1
img441.jpg,0,1,0,0,1,0,0
img442.jpg,0,1,0,0,1,0,1
img443.jpg,1,0,1,1,0,1,0
img444.jpg,0,0,0,0,1,1,0
img445.jpg,1,1,1,1,0,1,0
img446.jpg,0,0,1,1,1,0,0
img447.jpg,1,1,0,0,0,1,1
img448.jpg,1,0,1,0,0,0,0
img449.jpg,1,0,0,0,1,0,0
img450.jpg,0,0,1,0,1,0,1
img451.jpg,1,1,1,1,0,1,1
img452.jpg,0,0,1,1,1,0,1
img453.jpg,1,1,1,1,1,0,1
img454.jpg,0,0,0,0,1,1,1
img455.jpg,1,1,1,1,1,0,1
img456.jpg,0,0,1,0,0,0,0
img457.jpg,1,0,1,1,1,1,0
img458.jpg,1,0,0,0,1,0,1
img459.jpg,1,0,1,0,0,1,0
img460.jpg,1,1,0,0,1,0,1
img461.jpg,1,0,1,0,0,0,1
img462.jpg,1,0,0,0,0,0,1
img463.jpg,1,1,1,0,0,1,0
img464.jpg,0,0,0,1,1,1,1
img465.jpg,0,0,1,1,1,0,1
img466.jpg,1,1,0,1,1,1,0
img467.jpg,0,1,1,1,1,1,0
img468.jpg,1,0,1,0,1,1,1
img469.jpg,1,0,1,1,1,1,1
img470.jpg,1,1,1,1,1,1,0
img471.jpg,1,0,1,0,1,1,1
img472.jpg,0,0,1,0,0,0,0
img473.jpg,1,0,0,1,0,0,1
img474.jpg,0,0,1,1,1,0,0
img475.jpg,1,0,0,1,1,1,0
img476.jpg,1,1,0,0,0,1,0
img477.jpg,0,0,1,1,0,0,0
img478.jpg,1,1,1,0,0,0,0
img479.jpg,0,1,0,0,1,1,0
img480.jpg,0,0,1,0,0,0,0
img481.jpg,1,0,1,0,0,1,0
img482.jpg,0,0,1,0,1,0,1
img483.jpg,1,0,1,1,0,0,0
img484.jpg,1,1,1,1,0,0,0
img485.jpg,0,0,0,0,1,1,1
img486.jpg,1,0,1,0,1,0,0
img487.jpg,1,1,1,1,0,0,0
img488.jpg,0,0,0,1,0,0,0
img489.jpg,1,0,0,0,1,0,0
img490.jpg,0,1,1,1,0,1,1
img491.jpg,0,1,1,0,1,1,0
img492.jpg,0,1,0,0,0,0,0
img493.jpg,0,0,0,1,1,1,0
img494.jpg,1,1,0,1,1,0,1
img495.jpg,0,1,0,0,1,1,0
img496.jpg,1,0,1,1,1,1,0
img497.jpg,1,0,1,0,1,1,1
img498.jpg,1,1,1,1,0,1,0
img499.jpg,0,1,0,0,1,0,0
img500.jpg,0,0,1,1,0,1,1
img501.jpg,0,1,1,0,0,1,0
img502.jpg,1,0,1,1,0,0,0
img503.jpg,0,0,1,1,1,1,0
img504.jpg,1,1,0,0,1,1,1
img505.jpg,0,0,0,0,0,1,1
img506.jpg,1,0,1,0,0,1,1
img507.jpg,0,1,0,0,0,0,1
img508.jpg,1,1,0,1,1,0,0
img509.jpg,1,1,1,0,0,0,1
img510.jpg,1,1,1,1,0,1,0
img511.jpg,1,1,0,0,1,0,0
img512.jpg,1,0,1,0,1,1,1
img513.jpg,1,0,1,0,0,0,0
img514.jpg,0,0,1,1,0,1,0
img515.jpg,1,0,1,0,1,0,1
img516.jpg,0,1,0,0,0,1,1
img517.jpg,1,1,1,0,1,0,0
img518.jpg,1,1,1,0,0,0,0
img519.jpg,1,0,0,0,0,0,0
img520.jpg,1,0,0,1,0,1,1
img521.jpg,1,0,1,1,1,1,1
img522.jpg,1,1,1,0,0,1,1
img523.jpg,1,0,1,1,0,1,0
img524.jpg,1,0,1,1,1,0,1
img525.jpg,1,1,1,0,0,0,1
img526.jpg,0,1,0,0,1,1,1
img527.jpg,1,0,1,1,1,0,0
img528.jpg,1,0,1,0,0,1,0
img529.jpg,0,0,0,0,1,0,0
img530.jpg,1,1,0,0,1,1,1
img531.jpg,1,1,0,1,0,1,1
img532.jpg,0,1,0,1,0,0,1
img533.jpg,0,1,1,0,0,1,0
img534.jpg,1,1,1,1,0,0,0
img535.jpg,1,0,0,1,0,0,1
img536.jpg,0,0,0,0,1,0,1
img537.jpg,1,0,0,1,0,0,0
img538.jpg,0,1,1,0,1,0,0
img539.jpg,0,0,0,1,1,1,0
img540.jpg,1,0,0,1,0,1,0
img541.jpg,1,0,1,0,1,1,0
img542.jpg,0,1,1,0,0,0,0
img543.jpg,1,0,1,0,0,1,0
img544.jpg,0,0,1,1,1,0,0
img545.jpg,0,0,0,0,1,1,1
img546.jpg,0,0,0,1,1,1,0
img547.jpg,0,1,0,0,1,1,0
img548.jpg,0,0,1,0,0,0,1
img549.jpg,1,1,1,1,0,1,1
img550.jpg,1,0,1,0,1,1,0
img551.jpg,1,0,1,1,1,0,0
img552.jpg,0,1,1,0,0,0,1
img553.jpg,1,1,0,1,1,1,0
img554.jpg,1,1,1,0,1,0,1
img555.jpg,0,0,1,0,1,0,1
img556.jpg,1,0,1,0,0,0,1
img557.jpg,1,0,0,0,1,0,0
img558.jpg,1,1,0,0,0,0,0
img559.jpg,0,0,1,0,0,1,0
img560.jpg,0,0,0,0,0,0,1
img561.jpg,0,1,1,1,0,0,1
img562.jpg,0,0,1,1,1,1,1
img563.jpg,0,0,0,0,0,1,1
img564.jpg,0,1,1,0,0,1,1
img565.jpg,0,1,1,1,1,1,1
img566.jpg,1,1,0,1,1,1,0
img567.jpg,1,0,0,1,1,0,0
img568.jpg,1,0,0,1,1,1,1
img569.jpg,0,0,0,1,1,0,0
img570.jpg,1,0,0,0,0,0,1
img571.jpg,0,1,0,1,0,1,0
img572.jpg,1,1,0,0,1,0,0
img573.jpg,0,0,0,1,1,0,1
img574.jpg,0,1,1,0,0,1,0
img575.jpg,0,1,0,0,1,0,1
img576.jpg,1,0,0,1,0,0,0
img577.jpg,1,0,1,0,0,1,0
img578.jpg,0,1,0,1,1,0,1
img579.jpg,1,0,0,0,0,1,0
img580.jpg,1,1,0,0,0,0,1
img581.jpg,1,0,1,0,1,0,1
img582.jpg,1,1,1,0,1,0,0
img583.jpg,0,1,0,0,0,1,1
img584.jpg,1,1,1,0,0,0,1
img585.jpg,0,0,1,0,0,1,1
img586.jpg,1,1,1,1,0,0,1
img587.jpg,1,1,0,1,1,1,1
img588.jpg,1,1,1,1,0,0,0
img589.jpg,1,1,1,1,1,1,0
img590.jpg,0,1,0,1,1,0,0
img591.jpg,1,1,0,1,0,1,0
img592.jpg,0,1,0,1,1,1,1
img593.jpg,1,1,1,1,0,0,0
img594.jpg,0,1,0,0,0,0,0
img595.jpg,0,0,1,1,1,0,1
img596.jpg,1,1,0,1,0,0,0
img597.jpg,1,0,0,0,1,0,0
img598.jpg,0,0,0,0,0,1,0
img599.jpg,0,0,0,0,0,1,0
img600.jpg,1,0,0,0,1,1,1
img601.jpg,0,1,1,1,0,0,0
img602.jpg,1,0,1,1,1,0,1
img603.jpg,0,0,1,0,0,1,0
img604.jpg,0,1,0,1,0,0,0
img605.jpg,0,1,0,1,1,1,1
img606.jpg,1,0,0,1,1,1,1
img607.jpg,1,1,0,1,0,1,1
img608.jpg,0,1,0,1,1,0,0
img609.jpg,1,0,0,1,0,1,1
img610.jpg,1,0,1,0,0,1,1
img611.jpg,0,0,0,1,1,0,1
img612.jpg,0,0,1,0,1,1,0
img613.jpg,1,0,1,0,0,0,0
img614.jpg,1,0,1,1,1,1,1
img615.jpg,0,1,0,1,1,1,1
img616.jpg,1,1,1,0,0,1,1
img617.jpg,0,1,0,1,0,0,0
img618.jpg,0,0,0,0,0,0,1
img619.jpg,1,1,0,0,0,1,1
img620.jpg,0,1,0,1,1,0,0
img621.jpg,1,1,1,1,0,0,1
img622.jpg,0,0,0,1,0,1,1
img623.jpg,1,1,0,1,1,1,0
img624.jpg,1,1,0,1,0,0,1
img625.jpg,1,1,1,0,0,1,0
img626.jpg,1,0,0,0,1,1,1
img627.jpg,1,0,1,0,1,1,0
img628.jpg,0,1,1,0,0,0,0
img629.jpg,1,1,0,0,1,1,1
img630.jpg,0,0,0,1,1,1,0
img631.jpg,1,0,0,1,1,1,1
img632.jpg,0,1,0,0,0,1,1
img633.jpg,0,0,1,1,1,0,0
img634.jpg,0,0,1,1,0,1,0
img635.jpg,0,0,0,0,1,1,1
img636.jpg,0,1,1,0,0,1,1
img637.jpg,0,0,0,1,0,0,0
img638.jpg,1,1,0,0,0,0,1
img639.jpg,1,1,1,0,1,1,0
img640.jpg,1,1,1,0,0,1,0
img641.jpg,1,1,1,0,0,1,0
img642.jpg,0,1,1,0,1,1,0
img643.jpg,0,1,1,0,0,0,0
img644.jpg,1,1,1,1,0,1,1
img645.jpg,1,0,1,1,0,1,1
img646.jpg,0,1,1,0,1,1,1
img647.jpg,1,1,0,1,1,0,0
img648.jpg,1,0,1,1,1,1,1
img649.jpg,1,1,0,0,0,1,0
img650.jpg,0,1,1,0,1,0,0
img651.jpg,0,0,1,1,1,1,1
img652.jpg,0,0,1,1,1,1,0
img653.jpg,1,0,0,0,0,0,0
img654.jpg,1,1,0,1,0,0,0
img655.jpg,0,1,1,1,1,0,0
img656.jpg,0,0,0,1,0,1,0
img657.jpg,0,1,0,1,0,0,0
img658.jpg,1,1,1,1,0,1,0
img659.jpg,0,1,1,0,1,1,1
img660.jpg,0,1,0,1,1,1,1
img661.jpg,1,0,1,1,1,0,0
img662.jpg,0,0,0,1,1,1,0
img663.jpg,0,0,0,0,0,1,1
img664.jpg,0,1,1,1,1,1,0
img665.jpg,0,1,1,0,0,0,0
img666.jpg,1,1,0,0,0,0,0
img667.jpg,1,1,0,0,0,0,0
img668.jpg,0,0,1,0,1,1,0
img669.jpg,1,1,0,1,1,0,1
img670.jpg,1,0,1,1,0,1,0
img671.jpg,1,0,0,0,1,0,0
img672.jpg,1,0,1,1,1,1,0
img673.jpg,1,0,1,1,1,1,0
img674.jpg,1,0,1,0,0,1,1
img675.jpg,0,0,0,1,1,1,1
img676.jpg,0,1,0,1,1,1,0
img677.jpg,1,1,0,0,1,1,0
img678.jpg,1,1,1,0,0,0,1
img679.jpg,0,1,0,0,1,0,0
img680.jpg,0,1,0,1,0,0,0
img681.jpg,0,1,1,0,0,0,1
img682.jpg,1,1,0,1,0,0,1
img683.jpg,1,1,0,0,0,1,0
img684.jpg,1,1,1,1,0,1,1
img685.jpg,0,1,1,1,0,0,1
img686.jpg,0,0,1,1,1,0,0
img687.jpg,0,1,1,0,1,0,0
img688.jpg,0,0,0,1,0,0,0
img689.jpg,1,1,0,1,0,1,0
img690.jpg,1,0,0,1,0,0,1
img691.jpg,0,1,1,1,0,0,0
img692.jpg,0,0,0,1,0,0,0
img693.jpg,0,1,1,0,1,0,0
img694.jpg,1,0,0,0,0,1,0
img695.jpg,1,0,0,1,1,1,1
img696.jpg,1,1,1,0,1,1,0
img697.jpg,1,1,0,1,0,1,1
img698.jpg,0,1,1,1,0,1,0
img699.jpg,1,0,1,0,0,0,0
img700.jpg,1,1,0,0,0,1,0
img701.jpg,0,1,0,1,0,1,1
img702.jpg,1,0,1,1,0,1,1
img703.jpg,1,1,1,0,1,1,1
img704.jpg,1,0,1,1,0,1,1
img705.jpg,1,0,1,0,1,0,0
img706.jpg,1,0,0,1,0,1,1
img707.jpg,0,1,0,1,1,1,1
img708.jpg,0,0,1,0,1,1,0
img709.jpg,0,1,1,0,0,1,1
img710.jpg,1,0,1,1,1,0,1
img711.jpg,0,0,1,0,1,1,1
img712.jpg,0,1,1,1,1,0,1
img713.jpg,0,0,1,0,1,1,0
img714.jpg,1,1,0,1,0,1,0
img715.jpg,0,1,1,1,1,1,1
img716.jpg,0,0,1,1,0,1,0
img717.jpg,1,1,0,0,0,0,0
img718.jpg,0,1,0,1,0,0,1
img719.jpg,1,1,0,0,1,0,0
img720.jpg,1,1,0,0,0,1,1
img721.jpg,1,1,1,1,1,1,1
img722.jpg,0,0,1,1,1,0,1
img723.jpg,1,0,0,1,1,1,0
img724.jpg,0,0,1,1,1,0,1
img725.jpg,1,0,1,0,0,1,0
img726.jpg,1,0,1,1,1,1,1
img727.jpg,0,0,0,1,1,0,1
img728.jpg,0,1,0,1,1,1,1
img729.jpg,0,1,1,1,1,0,0
img730.jpg,1,0,0,1,0,1,1
img731.jpg,1,1,1,1,0,0,1
img732.jpg,0,0,0,1,0,0,0
img733.jpg,0,1,1,0,0,0,1
img734.jpg,1,0,0,1,1,0,0
img735.jpg,1,1,0,1,1,1,0
img736.jpg,1,1,0,1,0,0,0
img737.jpg,0,0,1,0,1,1,0
img738.jpg,1,0,1,1,1,0,1
img739.jpg,0,1,0,1,1,1,0
img740.jpg,1,1,0,0,1,1,0
img741.jpg,1,1,1,1,1,1,0
img742.jpg,0,1,0,1,1,0,0
img743.jpg,0,0,0,1,1,1,0
img744.jpg,1,0,0,0,0,0,1
img745.jpg,0,1,1,0,1,0,0
img746.jpg,0,0,1,1,1,0,1
img747.jpg,1,1,0,1,1,0,1
img748.jpg,1,1,1,1,0,0,1
img749.jpg,0,1,0,0,0,0,1
img750.jpg,1,1,1,1,0,1,1
img751.jpg,0,0,1,0,1,0,0
img752.jpg,0,0,0,1,0,0,1
img753.jpg,1,0,0,1,0,1,0
img754.jpg,0,1,1,1,1,0,0
img755.jpg,1,0,0,1,0,1,0
img756.jpg,1,0,0,0,1,1,1
img757.jpg,0,0,1,1,1,1,0
img758.jpg,1,0,0,1,0,1,0
img759.jpg,1,0,0,0,0,0,1
img760.jpg,0,1,0,0,0,1,0
img761.jpg,0,0,0,0,0,1,0
img762.jpg,0,1,0,0,1,1,1
img763.jpg,0,0,1,1,0,1,0
img764.jpg,0,0,1,1,1,0,0
img765.jpg,0,1,1,0,1,1,0
img766.jpg,1,1,1,1,1,0,0
img767.jpg,1,0,1,0,1,0,0
img768.jpg,1,0,1,0,1,1,1
img769.jpg,0,1,0,0,1,1,1
img770.jpg,0,1,1,0,1,1,1
img771.jpg,1,0,1,0,1,1,0
img772.jpg,0,0,1,0,0,0,0
img773.jpg,0,0,0,1,0,1,1
img774.jpg,0,1,0,1,1,0,0
img775.jpg,0,0,1,0,0,0,0
img776.jpg,0,0,1,0,1,0,1
img777.jpg,1,1,1,1,1,0,1
img778.jpg,0,1,1,0,1,0,1
img779.jpg,0,1,0,0,1,0,0
img780.jpg,0,1,1,1,0,0,1
img781.jpg,1,1,1,0,0,0,0
img782.jpg,0,0,0,1,1,1,0
img783.jpg,1,0,1,1,0,0,0
img784.jpg,1,1,0,0,0,0,1
img785.jpg,0,1,1,0,0,1,1
img786.jpg,0,1,0,0,0,1,0
img787.jpg,1,0,0,1,1,1,1
img788.jpg,1,0,1,0,1,0,1
img789.jpg,1,1,0,0,1,1,0
img790.jpg,1,1,1,0,0,1,0
img791.jpg,1,0,1,0,1,1,1
img792.jpg,0,1,1,1,0,0,1
img793.jpg,1,1,0,1,0,1,1
img794.jpg,0,1,0,0,0,1,0
img795.jpg,0,0,1,0,1,0,1
img796.jpg,1,1,1,1,1,1,0
img797.jpg,0,1,1,1,1,0,1
img798.jpg,0,0,1,0,1,0,0
img799.jpg,0,0,0,1,1,1,1
img800.jpg,1,0,1,0,1,0,1
img801.jpg,1,0,0,1,0,0,0
img802.jpg,0,1,1,0,1,1,1
img803.jpg,0,0,0,0,1,1,0
img804.jpg,0,1,1,0,1,0,1
img805.jpg,1,1,0,1,0,0,0
img806.jpg,1,0,0,1,1,0,0
img807.jpg,0,0,0,0,0,1,1
img808.jpg,1,1,1,0,0,0,0
img809.jpg,0,1,1,0,0,0,0
img810.jpg,0,0,1,1,0,0,0
img811.jpg,0,1,1,0,1,1,1
img812.jpg,1,0,1,0,1,1,0
img813.jpg,1,1,1,1,1,1,1
img814.jpg,1,0,1,0,1,0,0
img815.jpg,1,1,0,1,0,0,0
img816.jpg,1,1,0,0,0,1,1
img817.jpg,1,0,0,1,1,0,1
img818.jpg,0,0,1,1,0,1,0
img819.jpg,1,0,0,1,1,0,1
img820.jpg,1,0,1,0,0,1,1
img821.jpg,1,1,0,1,1,1,0
img822.jpg,0,1,1,0,0,0,0
img823.jpg,1,0,1,0,1,0,0
img824.jpg,1,0,1,1,0,0,0
img825.jpg,0,0,1,1,0,1,0
img826.jpg,0,0,0,1,0,0,1
img827.jpg,1,1,0,0,0,0,1
img828.jpg,0,0,1,1,1,1,0
img829.jpg,0,1,0,0,0,0,1
img830.jpg,0,1,1,0,1,1,0
img831.jpg,0,1,1,0,0,1,1
img832.jpg,1,1,1,1,1,0,0
img833.jpg,1,1,0,1,0,0,0
img834.jpg,0,1,1,0,1,1,1
img835.jpg,0,0,0,1,0,0,1
img836.jpg,1,0,1,1,0,1,0
img837.jpg,0,1,0,1,1,0,0
img838.jpg,1,0,1,0,1,1,0
img839.jpg,0,1,0,0,0,0,1
img840.jpg,0,0,1,0,0,0,1
img841.jpg,0,0,0,1,0,0,1
img842.jpg,0,1,0,0,1,1,0
img843.jpg,0,0,0,0,1,1,0
img844.jpg,0,1,0,1,1,0,0
img845.jpg,1,0,1,0,1,1,1
img846.jpg,1,0,1,0,1,0,0
img847.jpg,0,1,0,1,1,0,0
img848.jpg,1,0,1,0,0,1,0
img849.jpg,0,0,1,1,1,0,1
img850.jpg,0,0,1,0,0,1,0
img851.jpg,1,0,1,0,1,1,0
img852.jpg,0,0,1,1,0,0,0
img853.jpg,0,1,1,1,0,0,0
img854.jpg,1,1,1,0,0,0,0
img855.jpg,1,1,1,0,1,0,0
img856.jpg,0,0,1,1,1,0,1
img857.jpg,1,1,1,0,0,0,0
img858.jpg,1,0,1,1,0,0,0
img859.jpg,1,0,1,0,1,0,1
img860.jpg,0,0,0,0,0,0,1
img861.jpg,0,1,1,0,1,1,1
img862.jpg,0,1,0,0,0,0,1
img863.jpg,1,1,1,0,1,1,1
img864.jpg,0,1,1,1,1,0,0
img865.jpg,0,1,1,0,1,0,0
img866.jpg,1,0,0,0,1,0,0
img867.jpg,0,1,1,0,0,1,0
img868.jpg,1,1,1,1,0,1,0
img869.jpg,0,1,1,0,1,0,1
img870.jpg,0,1,0,0,0,1,1
img871.jpg,0,0,0,0,1,1,0
img872.jpg,1,1,0,1,1,0,0
img873.jpg,1,1,0,1,1,0,1
img874.jpg,0,1,1,1,1,1,1
img875.jpg,0,1,1,1,0,0,1
img876.jpg,1,0,0,0,0,1,0
img877.jpg,1,0,1,0,0,1,1
img878.jpg,1,1,1,0,0,1,0
img879.jpg,1,0,1,1,1,1,0
img880.jpg,1,0,1,0,0,1,0
img881.jpg,0,0,0,1,1,0,0
img882.jpg,0,0,1,1,1,1,0
img883.jpg,1,1,1,0,1,1,1
img884.jpg,0,0,1,0,0,1,0
img885.jpg,0,0,0,0,0,1,0
img886.jpg,1,0,1,1,0,1,1
img887.jpg,1,1,0,1,1,1,1
img888.jpg,1,1,0,1,1,1,1
img889.jpg,0,0,0,1,0,1,1
img890.jpg,1,1,0,0,0,0,0
img891.jpg,1,1,1,1,0,1,0
img892.jpg,0,0,1,1,0,0,0
img893.jpg,0,0,1,1,1,1,1
img894.jpg,0,0,0,1,1,0,0
img895.jpg,0,0,0,0,1,0,1
img896.jpg,0,0,1,0,0,0,1
img897.jpg,1,0,0,1,1,0,0
img898.jpg,1,0,0,1,1,1,1
img899.jpg,1,1,0,0,1,1,0
img900.jpg,0,0,1,1,0,1,0
img901.jpg,0,1,1,1,1,0,0
img902.jpg,0,0,1,0,1,1,0
img903.jpg,0,0,1,0,0,1,1
img904.jpg,1,1,0,0,1,0,0
img905.jpg,1,1,1,0,0,0,0
img906.jpg,0,1,0,0,1,0,1
img907.jpg,1,0,0,0,0,0,0
img908.jpg,1,0,0,1,1,0,0
img909.jpg,0,0,0,1,0,1,1
img910.jpg,0,0,1,0,1,1,1
img911.jpg,0,1,1,0,1,0,0
img912.jpg,0,1,0,1,1,0,1
img913.jpg,1,0,0,0,1,0,0
img914.jpg,0,0,0,1,1,0,0
img915.jpg,0,1,0,1,0,1,1
img916.jpg,0,0,1,1,1,0,1
img917.jpg,0,1,1,1,1,0,0
img918.jpg,0,0,0,0,0,1,1
img919.jpg,1,0,0,0,1,0,1
img920.jpg,1,0,1,0,0,0,0
img921.jpg,0,1,0,1,1,0,1
img922.jpg,1,0,0,0,1,0,1
img923.jpg,0,0,1,0,1,0,0
img924.jpg,1,1,0,1,0,1,0
img925.jpg,0,1,0,1,0,1,1
img926.jpg,0,1,0,0,1,1,1
img927.jpg,0,1,1,1,1,1,0
img928.jpg,1,1,0,0,1,0,1
img929.jpg,1,0,0,1,1,0,0
img930.jpg,0,1,0,1,0,0,0
img931.jpg,1,0,1,1,1,1,1
img932.jpg,1,0,0,0,0,1,1
img933.jpg,1,0,1,0,1,0,1
img934.jpg,0,1,1,0,1,1,0
img935.jpg,1,1,0,1,0,1,1
img936.jpg,0,0,0,1,0,1,0
img937.jpg,1,1,0,0,0,1,0
img938.jpg,0,1,1,1,1,1,1
img939.jpg,0,0,1,1,0,1,0
img940.jpg,1,1,0,0,0,0,1
img941.jpg,1,1,0,1,0,0,1
img942.jpg,1,1,0,0,1,0,0
img943.jpg,1,0,0,1,0,1,1
img944.jpg,0,1,0,1,0,0,0
img945.jpg,0,0,1,0,0,0,0
img946.jpg,0,0,0,1,0,1,1
img947.jpg,1,0,0,1,0,1,1
img948.jpg,1,0,0,0,1,0,1
img949.jpg,0,1,0,0,0,1,1
img950.jpg,0,1,1,0,0,0,0
img951.jpg,1,0,1,0,0,0,1
img952.jpg,0,0,0,1,0,1,0
img953.jpg,1,1,0,1,1,0,0
img954.jpg,1,1,1,0,1,1,0
img955.jpg,1,1,0,1,0,1,1
img956.jpg,1,0,1,0,0,0,1
img957.jpg,0,1,1,0,0,0,0
img958.jpg,0,0,0,0,0,0,1
img959.jpg,0,0,0,1,1,0,0
img960.jpg,0,1,0,1,1,1,0
img961.jpg,1,0,0,0,1,0,1
img962.jpg,0,1,0,1,0,1,0
img963.jpg,1,0,1,0,0,1,0
img964.jpg,1,1,0,0,0,1,0
img965.jpg,0,1,0,1,0,0,1
img966.jpg,1,1,1,1,1,1,0
img967.jpg,1,1,1,0,0,0,1
img968.jpg,1,1,0,1,0,0,1
img969.jpg,0,0,1,0,1,0,1
img970.jpg,0,1,0,1,1,1,1
img971.jpg,1,0,0,0,0,0,0
img972.jpg,1,1,0,1,1,0,0
img973.jpg,0,1,0,1,0,1,1
img974.jpg,0,0,0,1,0,0,0
img975.jpg,1,0,1,0,0,0,0
img976.jpg,0,1,0,0,0,1,0
img977.jpg,1,1,0,0,1,0,1
img978.jpg,1,0,1,0,1,1,1
img979.jpg,1,0,1,0,0,1,1
img980.jpg,1,0,1,0,0,0,0
img981.jpg,0,1,1,0,1,1,1
img982.jpg,1,0,0,0,0,0,0
img983.jpg,1,1,1,0,1,1,1
img984.jpg,0,1,0,0,1,1,1
img985.jpg,1,1,1,0,0,0,1
img986.jpg,1,0,1,0,1,1,0
img987.jpg,1,0,1,0,0,0,1
img988.jpg,1,0,0,1,0,0,1
img989.jpg,0,1,0,0,1,0,0
img990.jpg,1,1,1,0,0,1,0
img991.jpg,0,0,1,0,1,0,1
img992.jpg,0,0,1,1,0,0,1
img993.jpg,0,0,0,1,1,1,0
img994.jpg,1,0,1,0,0,0,1
img995.jpg,1,1,0,0,1,0,1
img996.jpg,1,1,1,0,1,1,0
img997.jpg,0,0,1,1,0,0,1
img998.jpg,0,1,1,1,0,0,0
img999.jpg,1,0,1,1,1,1,0
img1000.jpg,1,0,1,0,0,0,0
