filename,전입자_성명,전입자_서명도장,전입자_주민등록번호,전입자_연락처,전_시도,전_시군구,현_세대주성명,현_서명도장,현_연락처,현_주소,전입사유_체크,우편물서비스_동의체크,신청인_성명,신청인_서명도장
정답-전입신고서1.jpg,1,1,1,1,1,1,1,1,1,1,1,1,1,1
정답-전입신고서2.jpg,1,1,1,1,1,1,1,1,1,1,1,0,0,0
학습-전입신고서1.jpg,0,1,1,1,1,1,1,1,1,1,1,1,1,1
학습-전입신고서2.jpg,1,0,1,1,1,1,1,1,1,1,1,1,1,1
학습-전입신고서3.jpg,1,1,0,1,1,1,1,1,1,1,1,1,1,1
학습-전입신고서4.jpg,1,1,1,1,0,1,1,1,1,1,1,1,1,1
학습-전입신고서5.jpg,1,1,1,1,1,0,1,1,1,1,1,1,1,1
학습-전입신고서6.jpg,1,1,1,1,1,1,0,1,1,1,1,1,1,1
학습-전입신고서7.jpg,1,1,1,1,1,1,1,1,0,1,1,1,1,1
학습-전입신고서8.jpg,1,1,1,0,1,1,1,1,1,1,1,1,1,1
학습-전입신고서9.jpg,1,1,1,1,1,1,1,0,1,1,1,1,1,1
학습-전입신고서10.jpg,1,1,1,1,1,1,1,1,1,0,1,1,1,1
학습-전입신고서11.jpg,1,1,1,1,1,1,1,1,1,1,0,1,1,1
학습-전입신고서12.jpg,1,1,1,1,1,1,1,1,1,1,1,1,0,1
학습-전입신고서13.jpg,1,1,1,1,1,1,1,1,1,1,1,1,1,0
학습-전입신고서14.jpg,0,0,1,1,1,1,1,1,1,1,1,1,1,1
학습-전입신고서15.jpg,0,1,0,1,1,1,1,1,1,1,1,1,1,1
학습-전입신고서16.jpg,0,1,1,0,1,1,1,1,1,1,1,1,1,1
학습-전입신고서17.jpg,0,1,1,1,0,1,1,1,1,1,1,1,1,1
학습-전입신고서18.jpg,0,1,1,1,1,0,1,1,1,1,1,1,1,1
학습-전입신고서19.jpg,0,1,1,1,1,1,0,1,1,1,1,1,1,1
학습-전입신고서20.jpg,0,1,1,1,1,1,1,0,1,1,1,1,1,1
학습-전입신고서21.jpg,0,1,1,1,1,1,1,1,0,1,1,1,1,1
학습-전입신고서22.jpg,0,1,1,1,1,1,1,1,1,0,1,1,1,1
학습-전입신고서23.jpg,0,1,1,1,1,1,1,1,1,1,0,1,1,1
학습-전입신고서24.jpg,0,0,0,1,1,1,1,1,1,1,1,1,1,1
학습-전입신고서25.jpg,0,0,1,0,1,1,1,1,1,1,1,1,1,1
학습-전입신고서26.jpg,0,0,1,1,0,1,1,1,1,1,1,1,1,1
학습-전입신고서27.jpg,0,0,1,1,1,0,1,1,1,1,1,1,1,1
학습-전입신고서28.jpg,0,0,1,1,1,1,0,1,1,1,1,1,1,1
학습-전입신고서29.jpg,0,0,1,1,1,1,1,0,1,1,1,1,1,1
학습-전입신고서30.jpg,0,0,1,1,1,1,1,1,0,1,1,1,1,1
학습-전입신고서31.jpg,0,0,1,1,1,1,1,1,1,0,1,1,1,1
학습-전입신고서32.jpg,0,0,1,1,1,1,1,1,1,1,0,1,1,1
학습-전입신고서33.jpg,0,0,1,1,1,1,1,1,1,1,0,1,1,1
학습-전입신고서34.jpg,0,0,0,0,1,1,1,1,1,1,1,1,1,1
학습-전입신고서35.jpg,0,0,0,1,0,1,1,1,1,1,1,1,1,1
학습-전입신고서36.jpg,0,0,0,1,1,0,1,1,1,1,1,1,1,1
학습-전입신고서37.jpg,0,0,0,1,1,1,0,1,1,1,1,1,1,1
학습-전입신고서38.jpg,0,0,0,1,1,1,1,0,1,1,1,1,1,1
학습-전입신고서39.jpg,0,0,0,1,1,1,1,1,0,1,1,1,1,1
학습-전입신고서40.jpg,0,0,0,1,1,1,1,1,1,0,1,1,1,1
학습-전입신고서41.jpg,0,0,0,1,1,1,1,1,1,1,0,1,1,1
학습-전입신고서42.jpg,0,0,0,0,0,1,1,1,1,1,1,1,1,1
학습-전입신고서43.jpg,0,0,0,0,1,0,1,1,1,1,1,1,1,1
학습-전입신고서44.jpg,0,0,0,0,1,1,0,1,1,1,1,1,1,1
학습-전입신고서45.jpg,0,0,0,0,1,1,1,0,1,1,1,1,1,1
학습-전입신고서46.jpg,0,0,0,0,1,1,1,1,0,1,1,1,1,1
학습-전입신고서47.jpg,0,0,0,0,1,1,1,1,1,0,1,1,1,1
학습-전입신고서48.jpg,0,0,0,0,1,1,1,1,1,1,0,1,1,1
학습-전입신고서49.jpg,0,0,0,0,0,0,1,1,1,1,1,1,1,1
학습-전입신고서50.jpg,0,0,0,0,0,1,0,1,1,1,1,1,1,1
학습-전입신고서51.jpg,0,0,0,0,0,1,1,0,1,1,1,1,1,1
학습-전입신고서52.jpg,0,0,0,0,0,1,1,1,0,1,1,1,1,1
학습-전입신고서53.jpg,0,0,0,0,0,1,1,1,1,0,1,1,1,1
학습-전입신고서54.jpg,0,0,0,0,0,1,1,1,1,1,0,1,1,1
학습-전입신고서55.jpg,0,0,0,0,0,0,0,1,1,1,1,1,1,1
학습-전입신고서56.jpg,0,0,0,0,0,0,1,0,1,1,1,1,1,1
학습-전입신고서57.jpg,0,0,0,0,0,0,1,1,1,0,1,1,1,1
학습-전입신고서58.jpg,0,0,0,0,0,0,1,1,0,1,1,1,1,1
학습-전입신고서59.jpg,0,0,0,0,0,0,1,1,1,1,0,1,1,1
학습-전입신고서60.jpg,0,0,0,0,0,0,0,0,1,1,1,1,1,1
학습-전입신고서61.jpg,0,0,0,0,0,0,0,0,0,1,1,1,1,1
학습-전입신고서62.jpg,0,0,0,0,0,0,0,0,1,0,1,1,1,1
학습-전입신고서63.jpg,0,0,0,0,0,0,0,0,1,1,0,1,1,1
학습-전입신고서64.jpg,0,0,0,0,0,0,0,0,0,0,1,1,1,1
학습-전입신고서65.jpg,0,0,0,0,0,0,0,0,0,1,0,1,1,1
학습-전입신고서66.jpg,0,0,0,0,0,0,0,0,0,0,1,1,1,1
학습-전입신고서67.jpg,1,0,0,0,0,0,0,0,0,0,0,1,1,1
학습-전입신고서68.jpg,0,1,0,0,0,0,0,0,0,0,0,1,1,1
학습-전입신고서69.jpg,0,0,1,0,0,0,0,0,0,0,0,1,1,1
학습-전입신고서70.jpg,0,0,0,1,0,0,0,0,0,0,0,1,1,1
학습-전입신고서71.jpg,0,0,0,0,1,0,0,0,0,0,0,1,1,1
학습-전입신고서72.jpg,0,0,0,0,0,1,0,0,0,0,0,1,1,1
학습-전입신고서73.jpg,0,0,0,0,0,0,1,0,0,0,0,1,1,1
학습-전입신고서74.jpg,0,0,0,0,0,0,0,1,0,0,0,1,1,1
학습-전입신고서75.jpg,0,0,0,0,0,0,0,0,1,0,0,1,1,1
학습-전입신고서76.jpg,0,0,0,0,0,0,0,0,0,1,0,1,1,1
학습-전입신고서77.jpg,1,0,1,1,1,1,1,1,1,1,1,1,1,1
학습-전입신고서78.jpg,1,0,1,1,1,1,1,1,1,1,1,1,1,1
학습-전입신고서79.jpg,1,0,1,1,1,1,1,1,1,1,1,1,1,1
학습-전입신고서80.jpg,1,0,1,1,1,1,1,1,1,1,1,1,1,1
학습-전입신고서81.jpg,1,0,1,1,1,1,1,1,1,1,1,1,1,1
학습-전입신고서82.jpg,1,0,1,1,1,1,1,1,1,1,1,1,1,1
학습-전입신고서83.jpg,1,0,1,1,1,1,1,1,1,1,1,1,1,1
학습-전입신고서84.jpg,1,0,1,1,1,1,1,1,1,1,1,1,1,1
학습-전입신고서85.jpg,1,0,1,1,1,1,1,1,1,1,1,1,1,1
학습-전입신고서86.jpg,1,0,1,1,1,1,1,1,1,1,1,1,1,1
학습-전입신고서87.jpg,1,0,1,1,1,1,1,1,1,1,1,1,1,1
학습-전입신고서88.jpg,1,0,1,1,1,1,1,1,1,1,1,1,1,1
학습-전입신고서89.jpg,1,0,1,1,1,1,1,1,1,1,1,1,1,1
학습-전입신고서90.jpg,1,0,1,1,1,1,1,1,1,1,1,1,1,1
학습-전입신고서91.jpg,1,0,1,1,1,1,1,1,1,1,1,1,1,1
학습-전입신고서92.jpg,1,0,1,1,1,1,1,1,1,1,1,1,1,1
학습-전입신고서93.jpg,1,0,1,1,1,1,1,1,1,1,1,1,1,1
학습-전입신고서94.jpg,1,0,1,1,1,1,1,1,1,1,1,1,1,1
학습-전입신고서95.jpg,1,0,1,1,1,1,1,1,1,1,1,1,1,1
학습-전입신고서96.jpg,1,0,1,1,1,1,1,1,1,1,1,1,1,1
학습-전입신고서97.jpg,1,0,1,1,1,1,1,1,1,1,1,1,1,1
학습-전입신고서98.jpg,1,0,1,1,1,1,1,1,1,1,1,1,1,1
학습-전입신고서99.jpg,1,0,1,1,1,1,1,1,1,1,1,1,1,1
학습-전입신고서100.jpg,1,0,1,1,1,1,1,1,1,1,1,1,1,1
학습-전입신고서101.jpg,1,0,1,1,1,1,1,1,1,1,1,1,1,1
학습-전입신고서102.jpg,1,0,1,1,1,1,1,1,1,1,1,1,1,1
학습-전입신고서103.jpg,1,0,1,1,1,1,1,1,1,1,1,1,1,1
학습-전입신고서104.jpg,1,0,1,1,1,1,1,1,1,1,1,1,1,1
학습-전입신고서105.jpg,1,0,1,1,1,1,1,1,1,1,1,1,1,1
학습-전입신고서106.jpg,1,0,1,1,1,1,1,1,1,1,1,1,1,1
학습-전입신고서107.jpg,1,0,1,1,1,1,1,1,1,1,1,1,1,1
학습-전입신고서108.jpg,1,0,1,1,1,1,1,1,1,1,1,1,1,1
학습-전입신고서109.jpg,1,0,1,1,1,1,1,1,1,1,1,1,1,1
학습-전입신고서110.jpg,1,0,1,1,1,1,1,1,1,1,1,1,1,1
학습-전입신고서111.jpg,1,0,1,1,1,1,1,1,1,1,1,1,1,1
학습-전입신고서112.jpg,1,0,1,1,1,1,1,1,1,1,1,1,1,1
학습-전입신고서113.jpg,1,0,1,1,1,1,1,1,1,1,1,1,1,1
학습-전입신고서114.jpg,1,0,1,1,1,1,1,1,1,1,1,1,1,1
학습-전입신고서115.jpg,1,0,1,1,1,1,1,1,1,1,1,1,1,1
학습-전입신고서116.jpg,1,0,1,1,1,1,1,1,1,1,1,1,1,1
학습-전입신고서117.jpg,1,0,1,1,1,1,1,1,1,1,1,1,1,1
학습-전입신고서118.jpg,1,0,1,1,1,1,1,1,1,1,1,1,1,1
학습-전입신고서119.jpg,1,0,1,1,1,1,1,1,1,1,1,1,1,1
학습-전입신고서120.jpg,1,0,1,1,1,1,1,1,1,1,1,1,1,1
학습-전입신고서121.jpg,1,0,1,1,1,1,1,1,1,1,1,1,1,1
학습-전입신고서122.jpg,1,0,1,1,1,1,1,1,1,1,1,1,1,1
학습-전입신고서123.jpg,1,0,1,1,1,1,1,1,1,1,1,1,1,1
학습-전입신고서124.jpg,1,0,1,1,1,1,1,1,1,1,1,1,1,1
학습-전입신고서125.jpg,1,0,1,1,1,1,1,1,1,1,1,1,1,1
학습-전입신고서126.jpg,1,0,1,1,1,1,1,1,1,1,1,1,1,1
학습-전입신고서127.jpg,0,0,0,1,0,0,0,0,0,0,0,1,1,1
학습-전입신고서128.jpg,0,0,0,1,0,0,0,0,0,0,0,1,1,1
학습-전입신고서129.jpg,0,0,0,1,0,0,0,0,0,0,0,1,1,1
학습-전입신고서130.jpg,0,0,0,1,0,0,0,0,0,0,0,1,1,1
학습-전입신고서131.jpg,0,0,0,1,0,0,0,0,0,0,0,1,1,1
학습-전입신고서132.jpg,0,0,0,1,0,0,0,0,0,0,0,1,1,1
학습-전입신고서133.jpg,0,0,0,1,0,0,0,0,0,0,0,1,1,1
학습-전입신고서134.jpg,0,0,0,1,0,0,0,0,0,0,0,1,1,1
학습-전입신고서135.jpg,0,0,0,1,0,0,0,0,0,0,0,1,1,1
학습-전입신고서136.jpg,0,0,0,1,0,0,0,0,0,0,0,1,1,1
학습-전입신고서137.jpg,0,0,0,1,0,0,0,0,0,0,0,1,1,1
학습-전입신고서138.jpg,0,0,0,1,0,0,0,0,0,0,0,1,1,1
학습-전입신고서139.jpg,0,0,0,1,0,0,0,0,0,0,0,1,1,1
학습-전입신고서140.jpg,0,0,0,1,0,0,0,0,0,0,0,1,1,1
학습-전입신고서141.jpg,0,0,0,1,0,0,0,0,0,0,0,1,1,1
학습-전입신고서142.jpg,0,0,0,1,0,0,0,0,0,0,0,1,1,1
학습-전입신고서143.jpg,0,0,0,1,0,0,0,0,0,0,0,1,1,1
학습-전입신고서144.jpg,0,0,0,1,0,0,0,0,0,0,0,1,1,1
학습-전입신고서145.jpg,0,0,0,1,0,0,0,0,0,0,0,1,1,1
학습-전입신고서146.jpg,0,0,0,1,0,0,0,0,0,0,0,1,1,1
학습-전입신고서147.jpg,0,0,0,1,0,0,0,0,0,0,0,1,1,1
학습-전입신고서148.jpg,0,0,0,1,0,0,0,0,0,0,0,1,1,1
학습-전입신고서149.jpg,0,0,0,1,0,0,0,0,0,0,0,1,1,1
학습-전입신고서150.jpg,0,0,0,1,0,0,0,0,0,0,0,1,1,1
학습-전입신고서151.jpg,0,0,0,1,0,0,0,0,0,0,0,1,1,1
학습-전입신고서152.jpg,0,0,0,1,0,0,0,0,0,0,0,1,1,1
학습-전입신고서153.jpg,0,0,0,1,0,0,0,0,0,0,0,1,1,1
학습-전입신고서154.jpg,0,0,0,1,0,0,0,0,0,0,0,1,1,1
학습-전입신고서155.jpg,0,0,0,1,0,0,0,0,0,0,0,1,1,1
학습-전입신고서156.jpg,0,0,0,1,0,0,0,0,0,0,0,1,1,1
학습-전입신고서157.jpg,0,0,0,1,0,0,0,0,0,0,0,1,1,1
학습-전입신고서158.jpg,0,0,0,1,0,0,0,0,0,0,0,1,1,1
학습-전입신고서159.jpg,0,0,0,1,0,0,0,0,0,0,0,1,1,1
학습-전입신고서160.jpg,0,0,0,1,0,0,0,0,0,0,0,1,1,1
학습-전입신고서161.jpg,0,0,0,1,0,0,0,0,0,0,0,1,1,1
학습-전입신고서162.jpg,0,0,0,1,0,0,0,0,0,0,0,1,1,1
학습-전입신고서163.jpg,0,0,0,1,0,0,0,0,0,0,0,1,1,1
학습-전입신고서164.jpg,0,0,0,1,0,0,0,0,0,0,0,1,1,1
학습-전입신고서165.jpg,0,0,0,1,0,0,0,0,0,0,0,1,1,1
학습-전입신고서166.jpg,0,0,0,1,0,0,0,0,0,0,0,1,1,1
학습-전입신고서167.jpg,0,0,0,1,0,0,0,0,0,0,0,1,1,1
학습-전입신고서168.jpg,0,0,0,1,0,0,0,0,0,0,0,1,1,1
학습-전입신고서169.jpg,0,0,0,1,0,0,0,0,0,0,0,1,1,1
학습-전입신고서170.jpg,0,0,0,1,0,0,0,0,0,0,0,1,1,1
학습-전입신고서171.jpg,0,0,0,1,0,0,0,0,0,0,0,1,1,1
학습-전입신고서172.jpg,0,0,0,1,0,0,0,0,0,0,0,1,1,1
학습-전입신고서173.jpg,0,0,0,1,0,0,0,0,0,0,0,1,1,1
학습-전입신고서174.jpg,0,0,0,1,0,0,0,0,0,0,0,1,1,1
학습-전입신고서175.jpg,0,0,0,1,0,0,0,0,0,0,0,1,1,1
학습-전입신고서176.jpg,0,0,0,1,0,0,0,0,0,0,0,1,1,1
학습-전입신고서177.jpg,0,0,0,0,0,1,1,1,1,0,1,1,1,1
학습-전입신고서178.jpg,0,0,0,0,0,1,1,1,1,0,1,1,1,1
학습-전입신고서179.jpg,0,0,0,0,0,1,1,1,1,0,1,1,1,1
학습-전입신고서180.jpg,0,0,0,0,0,1,1,1,1,0,1,1,1,1
학습-전입신고서181.jpg,0,0,0,0,0,1,1,1,1,0,1,1,1,1
학습-전입신고서182.jpg,0,0,0,0,0,1,1,1,1,0,1,1,1,1
학습-전입신고서183.jpg,0,0,0,0,0,1,1,1,1,0,1,1,1,1
학습-전입신고서184.jpg,0,0,0,0,0,1,1,1,1,0,1,1,1,1
학습-전입신고서185.jpg,0,0,0,0,0,1,1,1,1,0,1,1,1,1
학습-전입신고서186.jpg,0,0,0,0,0,1,1,1,1,0,1,1,1,1
학습-전입신고서187.jpg,0,0,0,0,0,1,1,1,1,0,1,1,1,1
학습-전입신고서188.jpg,0,0,0,0,0,1,1,1,1,0,1,1,1,1
학습-전입신고서189.jpg,0,0,0,0,0,1,1,1,1,0,1,1,1,1
학습-전입신고서190.jpg,0,0,0,0,0,1,1,1,1,0,1,1,1,1
학습-전입신고서191.jpg,0,0,0,0,0,1,1,1,1,0,1,1,1,1
학습-전입신고서192.jpg,0,0,0,0,0,1,1,1,1,0,1,1,1,1
학습-전입신고서193.jpg,0,0,0,0,0,1,1,1,1,0,1,1,1,1
학습-전입신고서194.jpg,0,0,0,0,0,1,1,1,1,0,1,1,1,1
학습-전입신고서195.jpg,0,0,0,0,0,1,1,1,1,0,1,1,1,1
학습-전입신고서196.jpg,0,0,0,0,0,1,1,1,1,0,1,1,1,1
학습-전입신고서197.jpg,0,0,0,0,0,1,1,1,1,0,1,1,1,1
학습-전입신고서198.jpg,0,0,0,0,0,1,1,1,1,0,1,1,1,1
학습-전입신고서199.jpg,0,0,0,0,0,1,1,1,1,0,1,1,1,1
학습-전입신고서200.jpg,0,0,0,0,0,1,1,1,1,0,1,1,1,1
학습-전입신고서201.jpg,0,0,0,0,0,1,1,1,1,0,1,1,1,1
학습-전입신고서202.jpg,0,0,0,0,0,1,1,1,1,0,1,1,1,1
학습-전입신고서203.jpg,0,0,0,0,0,1,1,1,1,0,1,1,1,1
학습-전입신고서204.jpg,0,0,0,0,0,1,1,1,1,0,1,1,1,1
학습-전입신고서205.jpg,0,0,0,0,0,1,1,1,1,0,1,1,1,1
학습-전입신고서206.jpg,0,0,0,0,0,1,1,1,1,0,1,1,1,1
학습-전입신고서207.jpg,0,0,0,0,0,1,1,1,1,0,1,1,1,1
학습-전입신고서208.jpg,0,0,0,0,0,1,1,1,1,0,1,1,1,1
학습-전입신고서209.jpg,0,0,0,0,0,1,1,1,1,0,1,1,1,1
학습-전입신고서210.jpg,0,0,0,0,0,1,1,1,1,0,1,1,1,1
학습-전입신고서211.jpg,0,0,0,0,0,1,1,1,1,0,1,1,1,1
학습-전입신고서212.jpg,0,0,0,0,0,1,1,1,1,0,1,1,1,1
학습-전입신고서213.jpg,0,0,0,0,0,1,1,1,1,0,1,1,1,1
학습-전입신고서214.jpg,0,0,0,0,0,1,1,1,1,0,1,1,1,1
학습-전입신고서215.jpg,0,0,0,0,0,1,1,1,1,0,1,1,1,1
학습-전입신고서216.jpg,0,0,0,0,0,1,1,1,1,0,1,1,1,1
학습-전입신고서217.jpg,0,0,0,0,0,1,1,1,1,0,1,1,1,1
학습-전입신고서218.jpg,0,0,0,0,0,1,1,1,1,0,1,1,1,1
학습-전입신고서219.jpg,0,0,0,0,0,1,1,1,1,0,1,1,1,1
학습-전입신고서220.jpg,0,0,0,0,0,1,1,1,1,0,1,1,1,1
학습-전입신고서221.jpg,0,0,0,0,0,1,1,1,1,0,1,1,1,1
학습-전입신고서222.jpg,0,0,0,0,0,1,1,1,1,0,1,1,1,1
학습-전입신고서223.jpg,0,0,0,0,0,1,1,1,1,0,1,1,1,1
학습-전입신고서224.jpg,0,0,0,0,0,1,1,1,1,0,1,1,1,1
학습-전입신고서225.jpg,0,0,0,0,0,1,1,1,1,0,1,1,1,1
학습-전입신고서226.jpg,0,0,0,0,0,1,1,1,1,0,1,1,1,1
학습-전입신고서227.jpg,0,0,0,0,0,1,1,1,1,0,1,1,1,1
학습-전입신고서228.jpg,0,0,0,0,0,1,1,1,1,0,1,1,1,1
학습-전입신고서229.jpg,0,0,0,0,0,1,1,1,1,0,1,1,1,1
학습-전입신고서230.jpg,0,0,0,0,0,1,1,1,1,0,1,1,1,1
학습-전입신고서231.jpg,0,0,0,0,0,1,1,1,1,0,1,1,1,1
학습-전입신고서232.jpg,0,0,0,0,0,1,1,1,1,0,1,1,1,1
학습-전입신고서233.jpg,0,0,0,0,0,1,1,1,1,0,1,1,1,1
학습-전입신고서234.jpg,0,0,0,0,0,1,1,1,1,0,1,1,1,1
학습-전입신고서235.jpg,0,0,0,0,0,1,1,1,1,0,1,1,1,1
학습-전입신고서236.jpg,0,0,0,0,0,1,1,1,1,0,1,1,1,1
학습-전입신고서237.jpg,0,0,0,0,0,1,1,1,1,0,1,1,1,1
학습-전입신고서238.jpg,0,0,0,0,0,1,1,1,1,0,1,1,1,1
학습-전입신고서239.jpg,0,0,0,0,0,1,1,1,1,0,1,1,1,1
학습-전입신고서240.jpg,0,0,0,0,0,1,1,1,1,0,1,1,1,1
학습-전입신고서241.jpg,0,0,0,0,0,1,1,1,1,0,1,1,1,1
학습-전입신고서242.jpg,0,0,0,0,0,1,1,1,1,0,1,1,1,1
학습-전입신고서243.jpg,0,0,0,0,0,1,1,1,1,0,1,1,1,1
학습-전입신고서244.jpg,0,0,0,0,0,1,1,1,1,0,1,1,1,1
학습-전입신고서245.jpg,0,0,0,0,0,1,1,1,1,0,1,1,1,1
학습-전입신고서246.jpg,0,0,0,0,0,1,1,1,1,0,1,1,1,1
학습-전입신고서247.jpg,0,0,0,0,0,1,1,1,1,0,1,1,1,1
학습-전입신고서248.jpg,0,0,0,0,0,1,1,1,1,0,1,1,1,1
학습-전입신고서249.jpg,0,0,0,0,0,1,1,1,1,0,1,1,1,1
학습-전입신고서250.jpg,0,0,0,0,0,1,1,1,1,0,1,1,1,1
학습-전입신고서251.jpg,0,0,0,0,0,1,1,1,1,0,1,1,1,1
학습-전입신고서252.jpg,0,0,0,0,0,1,1,1,1,0,1,1,1,1
학습-전입신고서253.jpg,0,0,0,0,0,1,1,1,1,0,1,1,1,1
학습-전입신고서254.jpg,0,0,0,0,0,1,1,1,1,0,1,1,1,1
학습-전입신고서255.jpg,0,0,0,0,0,1,1,1,1,0,1,1,1,1
학습-전입신고서256.jpg,0,0,0,0,0,1,1,1,1,0,1,1,1,1
학습-전입신고서257.jpg,0,0,0,0,0,1,1,1,1,0,1,1,1,1
학습-전입신고서258.jpg,0,0,0,0,0,1,1,1,1,0,1,1,1,1
학습-전입신고서259.jpg,0,0,0,0,0,1,1,1,1,0,1,1,1,1
학습-전입신고서260.jpg,0,0,0,0,0,1,1,1,1,0,1,1,1,1
학습-전입신고서261.jpg,0,0,0,0,0,1,1,1,1,0,1,1,1,1
학습-전입신고서262.jpg,0,0,0,0,0,1,1,1,1,0,1,1,1,1
학습-전입신고서263.jpg,0,0,0,0,0,1,1,1,1,0,1,1,1,1
학습-전입신고서264.jpg,0,0,0,0,0,1,1,1,1,0,1,1,1,1
학습-전입신고서265.jpg,0,0,0,0,0,1,1,1,1,0,1,1,1,1
학습-전입신고서266.jpg,0,0,0,0,0,1,1,1,1,0,1,1,1,1
학습-전입신고서267.jpg,0,0,0,0,0,1,1,1,1,0,1,1,1,1
학습-전입신고서268.jpg,0,0,0,0,0,1,1,1,1,0,1,1,1,1
학습-전입신고서269.jpg,0,0,0,0,0,1,1,1,1,0,1,1,1,1
학습-전입신고서270.jpg,0,0,0,0,0,1,1,1,1,0,1,1,1,1
학습-전입신고서271.jpg,0,0,0,0,0,1,1,1,1,0,1,1,1,1
학습-전입신고서272.jpg,0,0,0,0,0,1,1,1,1,0,1,1,1,1
학습-전입신고서273.jpg,0,0,0,0,0,1,1,1,1,0,1,1,1,1
학습-전입신고서274.jpg,0,0,0,0,0,1,1,1,1,0,1,1,1,1
학습-전입신고서275.jpg,0,0,0,0,0,1,1,1,1,0,1,1,1,1
학습-전입신고서276.jpg,0,0,0,0,0,1,1,1,1,0,1,1,1,1
학습-전입신고서277.jpg,0,0,0,0,0,1,1,1,1,0,1,1,1,1
학습-전입신고서278.jpg,0,1,0,0,0,0,0,0,0,0,0,1,1,1
학습-전입신고서279.jpg,0,1,0,0,0,0,0,0,0,0,0,1,1,1
학습-전입신고서280.jpg,0,1,0,0,0,0,0,0,0,0,0,1,1,1
학습-전입신고서281.jpg,0,1,0,0,0,0,0,0,0,0,0,1,1,1
학습-전입신고서282.jpg,0,1,0,0,0,0,0,0,0,0,0,1,1,1
학습-전입신고서283.jpg,0,1,0,0,0,0,0,0,0,0,0,1,1,1
학습-전입신고서284.jpg,0,1,0,0,0,0,0,0,0,0,0,1,1,1
학습-전입신고서285.jpg,0,1,0,0,0,0,0,0,0,0,0,1,1,1
학습-전입신고서286.jpg,0,1,0,0,0,0,0,0,0,0,0,1,1,1
학습-전입신고서287.jpg,0,1,0,0,0,0,0,0,0,0,0,1,1,1
학습-전입신고서288.jpg,0,1,0,0,0,0,0,0,0,0,0,1,1,1
학습-전입신고서289.jpg,0,1,0,0,0,0,0,0,0,0,0,1,1,1
학습-전입신고서290.jpg,0,1,0,0,0,0,0,0,0,0,0,1,1,1
학습-전입신고서291.jpg,0,1,0,0,0,0,0,0,0,0,0,1,1,1
학습-전입신고서292.jpg,0,1,0,0,0,0,0,0,0,0,0,1,1,1
학습-전입신고서293.jpg,0,1,0,0,0,0,0,0,0,0,0,1,1,1
학습-전입신고서294.jpg,0,1,0,0,0,0,0,0,0,0,0,1,1,1
학습-전입신고서295.jpg,0,1,0,0,0,0,0,0,0,0,0,1,1,1
학습-전입신고서296.jpg,0,1,0,0,0,0,0,0,0,0,0,1,1,1
학습-전입신고서297.jpg,0,1,0,0,0,0,0,0,0,0,0,1,1,1
학습-전입신고서298.jpg,0,1,0,0,0,0,0,0,0,0,0,1,1,1
학습-전입신고서299.jpg,0,1,0,0,0,0,0,0,0,0,0,1,1,1
학습-전입신고서300.jpg,0,1,0,0,0,0,0,0,0,0,0,1,1,1
학습-전입신고서301.jpg,0,1,0,0,0,0,0,0,0,0,0,1,1,1
학습-전입신고서302.jpg,0,1,0,0,0,0,0,0,0,0,0,1,1,1
학습-전입신고서303.jpg,0,1,0,0,0,0,0,0,0,0,0,1,1,1
학습-전입신고서304.jpg,0,1,0,0,0,0,0,0,0,0,0,1,1,1
학습-전입신고서305.jpg,0,1,0,0,0,0,0,0,0,0,0,1,1,1
학습-전입신고서306.jpg,0,1,0,0,0,0,0,0,0,0,0,1,1,1
학습-전입신고서307.jpg,0,1,0,0,0,0,0,0,0,0,0,1,1,1
학습-전입신고서308.jpg,0,1,0,0,0,0,0,0,0,0,0,1,1,1
학습-전입신고서309.jpg,0,1,0,0,0,0,0,0,0,0,0,1,1,1
학습-전입신고서310.jpg,0,1,0,0,0,0,0,0,0,0,0,1,1,1
학습-전입신고서311.jpg,0,1,0,0,0,0,0,0,0,0,0,1,1,1
학습-전입신고서312.jpg,0,1,0,0,0,0,0,0,0,0,0,1,1,1
학습-전입신고서313.jpg,0,1,0,0,0,0,0,0,0,0,0,1,1,1
학습-전입신고서314.jpg,0,1,0,0,0,0,0,0,0,0,0,1,1,1
학습-전입신고서315.jpg,0,1,0,0,0,0,0,0,0,0,0,1,1,1
학습-전입신고서316.jpg,0,1,0,0,0,0,0,0,0,0,0,1,1,1
학습-전입신고서317.jpg,0,1,0,0,0,0,0,0,0,0,0,1,1,1
학습-전입신고서318.jpg,0,1,0,0,0,0,0,0,0,0,0,1,1,1
학습-전입신고서319.jpg,0,1,0,0,0,0,0,0,0,0,0,1,1,1
학습-전입신고서320.jpg,0,1,0,0,0,0,0,0,0,0,0,1,1,1
학습-전입신고서321.jpg,0,1,0,0,0,0,0,0,0,0,0,1,1,1
학습-전입신고서322.jpg,0,1,0,0,0,0,0,0,0,0,0,1,1,1
학습-전입신고서323.jpg,0,1,0,0,0,0,0,0,0,0,0,1,1,1
학습-전입신고서324.jpg,0,1,0,0,0,0,0,0,0,0,0,1,1,1
학습-전입신고서325.jpg,0,1,0,0,0,0,0,0,0,0,0,1,1,1
학습-전입신고서326.jpg,0,1,0,0,0,0,0,0,0,0,0,1,1,1
학습-전입신고서327.jpg,0,1,0,0,0,0,0,0,0,0,0,1,1,1
학습-전입신고서328.jpg,0,1,0,0,0,0,0,0,0,0,0,1,1,1
학습-전입신고서329.jpg,0,1,0,0,0,0,0,0,0,0,0,1,1,1
학습-전입신고서330.jpg,0,1,0,0,0,0,0,0,0,0,0,1,1,1
학습-전입신고서331.jpg,0,1,0,0,0,0,0,0,0,0,0,1,1,1
학습-전입신고서332.jpg,0,1,0,0,0,0,0,0,0,0,0,1,1,1
학습-전입신고서333.jpg,0,1,0,0,0,0,0,0,0,0,0,1,1,1
학습-전입신고서334.jpg,0,1,0,0,0,0,0,0,0,0,0,1,1,1
학습-전입신고서335.jpg,0,1,0,0,0,0,0,0,0,0,0,1,1,1
학습-전입신고서336.jpg,0,1,0,0,0,0,0,0,0,0,0,1,1,1
학습-전입신고서337.jpg,0,1,0,0,0,0,0,0,0,0,0,1,1,1
학습-전입신고서338.jpg,0,1,0,0,0,0,0,0,0,0,0,1,1,1
학습-전입신고서339.jpg,0,1,0,0,0,0,0,0,0,0,0,1,1,1
학습-전입신고서340.jpg,0,1,0,0,0,0,0,0,0,0,0,1,1,1
학습-전입신고서341.jpg,0,1,0,0,0,0,0,0,0,0,0,1,1,1
학습-전입신고서342.jpg,0,1,0,0,0,0,0,0,0,0,0,1,1,1
학습-전입신고서343.jpg,0,1,0,0,0,0,0,0,0,0,0,1,1,1
학습-전입신고서344.jpg,0,1,0,0,0,0,0,0,0,0,0,1,1,1
학습-전입신고서345.jpg,0,1,0,0,0,0,0,0,0,0,0,1,1,1
학습-전입신고서346.jpg,0,1,0,0,0,0,0,0,0,0,0,1,1,1
학습-전입신고서347.jpg,0,1,0,0,0,0,0,0,0,0,0,1,1,1
학습-전입신고서348.jpg,0,1,0,0,0,0,0,0,0,0,0,1,1,1
학습-전입신고서349.jpg,0,1,0,0,0,0,0,0,0,0,0,1,1,1
학습-전입신고서350.jpg,0,1,0,0,0,0,0,0,0,0,0,1,1,1
학습-전입신고서351.jpg,0,1,0,0,0,0,0,0,0,0,0,1,1,1
학습-전입신고서352.jpg,0,1,0,0,0,0,0,0,0,0,0,1,1,1
학습-전입신고서353.jpg,0,1,0,0,0,0,0,0,0,0,0,1,1,1
학습-전입신고서354.jpg,0,1,0,0,0,0,0,0,0,0,0,1,1,1
학습-전입신고서355.jpg,0,1,0,0,0,0,0,0,0,0,0,1,1,1
학습-전입신고서356.jpg,0,1,0,0,0,0,0,0,0,0,0,1,1,1
학습-전입신고서357.jpg,0,1,0,0,0,0,0,0,0,0,0,1,1,1
학습-전입신고서358.jpg,0,1,0,0,0,0,0,0,0,0,0,1,1,1
학습-전입신고서359.jpg,0,1,0,0,0,0,0,0,0,0,0,1,1,1
학습-전입신고서360.jpg,0,1,0,0,0,0,0,0,0,0,0,1,1,1
학습-전입신고서361.jpg,0,1,0,0,0,0,0,0,0,0,0,1,1,1
학습-전입신고서362.jpg,0,1,0,0,0,0,0,0,0,0,0,1,1,1
학습-전입신고서363.jpg,0,1,0,0,0,0,0,0,0,0,0,1,1,1
학습-전입신고서364.jpg,0,1,0,0,0,0,0,0,0,0,0,1,1,1
학습-전입신고서365.jpg,0,1,0,0,0,0,0,0,0,0,0,1,1,1
학습-전입신고서366.jpg,0,1,0,0,0,0,0,0,0,0,0,1,1,1
학습-전입신고서367.jpg,0,1,0,0,0,0,0,0,0,0,0,1,1,1
학습-전입신고서368.jpg,0,1,0,0,0,0,0,0,0,0,0,1,1,1
학습-전입신고서369.jpg,0,1,0,0,0,0,0,0,0,0,0,1,1,1
학습-전입신고서370.jpg,0,1,0,0,0,0,0,0,0,0,0,1,1,1
학습-전입신고서371.jpg,0,1,0,0,0,0,0,0,0,0,0,1,1,1
학습-전입신고서372.jpg,0,1,0,0,0,0,0,0,0,0,0,1,1,1
학습-전입신고서373.jpg,0,1,0,0,0,0,0,0,0,0,0,1,1,1
학습-전입신고서374.jpg,0,1,0,0,0,0,0,0,0,0,0,1,1,1
학습-전입신고서375.jpg,0,1,0,0,0,0,0,0,0,0,0,1,1,1
학습-전입신고서376.jpg,0,1,0,0,0,0,0,0,0,0,0,1,1,1
학습-전입신고서377.jpg,0,1,0,0,0,0,0,0,0,0,0,1,1,1
학습-전입신고서378.jpg,0,0,1,1,1,1,1,1,1,0,1,1,1,1
학습-전입신고서379.jpg,0,0,1,1,1,1,1,1,1,0,1,1,1,1
학습-전입신고서380.jpg,0,0,1,1,1,1,1,1,1,0,1,1,1,1
학습-전입신고서381.jpg,0,0,1,1,1,1,1,1,1,0,1,1,1,1
학습-전입신고서382.jpg,0,0,1,1,1,1,1,1,1,0,1,1,1,1
학습-전입신고서383.jpg,0,0,1,1,1,1,1,1,1,0,1,1,1,1
학습-전입신고서384.jpg,0,0,1,1,1,1,1,1,1,0,1,1,1,1
학습-전입신고서385.jpg,0,0,1,1,1,1,1,1,1,0,1,1,1,1
학습-전입신고서386.jpg,0,0,1,1,1,1,1,1,1,0,1,1,1,1
학습-전입신고서387.jpg,0,0,1,1,1,1,1,1,1,0,1,1,1,1
학습-전입신고서388.jpg,0,0,1,1,1,1,1,1,1,0,1,1,1,1
학습-전입신고서389.jpg,0,0,1,1,1,1,1,1,1,0,1,1,1,1
학습-전입신고서390.jpg,0,0,1,1,1,1,1,1,1,0,1,1,1,1
학습-전입신고서391.jpg,0,0,1,1,1,1,1,1,1,0,1,1,1,1
학습-전입신고서392.jpg,0,0,1,1,1,1,1,1,1,0,1,1,1,1
학습-전입신고서393.jpg,0,0,1,1,1,1,1,1,1,0,1,1,1,1
학습-전입신고서394.jpg,0,0,1,1,1,1,1,1,1,0,1,1,1,1
학습-전입신고서395.jpg,0,0,1,1,1,1,1,1,1,0,1,1,1,1
학습-전입신고서396.jpg,0,0,1,1,1,1,1,1,1,0,1,1,1,1
학습-전입신고서397.jpg,0,0,1,1,1,1,1,1,1,0,1,1,1,1
학습-전입신고서398.jpg,0,0,1,1,1,1,1,1,1,0,1,1,1,1
학습-전입신고서399.jpg,0,0,1,1,1,1,1,1,1,0,1,1,1,1
학습-전입신고서400.jpg,0,0,1,1,1,1,1,1,1,0,1,1,1,1
학습-전입신고서401.jpg,0,0,1,1,1,1,1,1,1,0,1,1,1,1
학습-전입신고서402.jpg,0,0,1,1,1,1,1,1,1,0,1,1,1,1
학습-전입신고서403.jpg,0,0,1,1,1,1,1,1,1,0,1,1,1,1
학습-전입신고서404.jpg,0,0,1,1,1,1,1,1,1,0,1,1,1,1
학습-전입신고서405.jpg,0,0,1,1,1,1,1,1,1,0,1,1,1,1
학습-전입신고서406.jpg,0,0,1,1,1,1,1,1,1,0,1,1,1,1
학습-전입신고서407.jpg,0,0,1,1,1,1,1,1,1,0,1,1,1,1
학습-전입신고서408.jpg,0,0,1,1,1,1,1,1,1,0,1,1,1,1
학습-전입신고서409.jpg,0,0,1,1,1,1,1,1,1,0,1,1,1,1
학습-전입신고서410.jpg,0,0,1,1,1,1,1,1,1,0,1,1,1,1
학습-전입신고서411.jpg,0,0,1,1,1,1,1,1,1,0,1,1,1,1
학습-전입신고서412.jpg,0,0,1,1,1,1,1,1,1,0,1,1,1,1
학습-전입신고서413.jpg,0,0,1,1,1,1,1,1,1,0,1,1,1,1
학습-전입신고서414.jpg,0,0,1,1,1,1,1,1,1,0,1,1,1,1
학습-전입신고서415.jpg,0,0,1,1,1,1,1,1,1,0,1,1,1,1
학습-전입신고서416.jpg,0,0,1,1,1,1,1,1,1,0,1,1,1,1
학습-전입신고서417.jpg,0,0,1,1,1,1,1,1,1,0,1,1,1,1
학습-전입신고서418.jpg,0,0,1,1,1,1,1,1,1,0,1,1,1,1
학습-전입신고서419.jpg,0,0,1,1,1,1,1,1,1,0,1,1,1,1
학습-전입신고서420.jpg,0,0,1,1,1,1,1,1,1,0,1,1,1,1
학습-전입신고서421.jpg,0,0,1,1,1,1,1,1,1,0,1,1,1,1
학습-전입신고서422.jpg,0,0,1,1,1,1,1,1,1,0,1,1,1,1
학습-전입신고서423.jpg,0,0,1,1,1,1,1,1,1,0,1,1,1,1
학습-전입신고서424.jpg,0,0,1,1,1,1,1,1,1,0,1,1,1,1
학습-전입신고서425.jpg,0,0,1,1,1,1,1,1,1,0,1,1,1,1
학습-전입신고서426.jpg,0,0,1,1,1,1,1,1,1,0,1,1,1,1
학습-전입신고서427.jpg,0,0,1,1,1,1,1,1,1,0,1,1,1,1
학습-전입신고서428.jpg,0,0,1,1,1,1,1,1,1,0,1,1,1,1
학습-전입신고서429.jpg,0,0,1,1,1,1,1,1,1,0,1,1,1,1
학습-전입신고서430.jpg,0,0,1,1,1,1,1,1,1,0,1,1,1,1
학습-전입신고서431.jpg,0,0,1,1,1,1,1,1,1,0,1,1,1,1
학습-전입신고서432.jpg,0,0,1,1,1,1,1,1,1,0,1,1,1,1
학습-전입신고서433.jpg,0,0,1,1,1,1,1,1,1,0,1,1,1,1
학습-전입신고서434.jpg,0,0,1,1,1,1,1,1,1,0,1,1,1,1
학습-전입신고서435.jpg,0,0,1,1,1,1,1,1,1,0,1,1,1,1
학습-전입신고서436.jpg,0,0,1,1,1,1,1,1,1,0,1,1,1,1
학습-전입신고서437.jpg,0,0,1,1,1,1,1,1,1,0,1,1,1,1
학습-전입신고서438.jpg,0,0,1,1,1,1,1,1,1,0,1,1,1,1
학습-전입신고서439.jpg,0,0,1,1,1,1,1,1,1,0,1,1,1,1
학습-전입신고서440.jpg,0,0,1,1,1,1,1,1,1,0,1,1,1,1
학습-전입신고서441.jpg,0,0,1,1,1,1,1,1,1,0,1,1,1,1
학습-전입신고서442.jpg,0,0,1,1,1,1,1,1,1,0,1,1,1,1
학습-전입신고서443.jpg,0,0,1,1,1,1,1,1,1,0,1,1,1,1
학습-전입신고서444.jpg,0,0,1,1,1,1,1,1,1,0,1,1,1,1
학습-전입신고서445.jpg,0,0,1,1,1,1,1,1,1,0,1,1,1,1
학습-전입신고서446.jpg,0,0,1,1,1,1,1,1,1,0,1,1,1,1
학습-전입신고서447.jpg,0,0,1,1,1,1,1,1,1,0,1,1,1,1
학습-전입신고서448.jpg,0,0,1,1,1,1,1,1,1,0,1,1,1,1
학습-전입신고서449.jpg,0,0,1,1,1,1,1,1,1,0,1,1,1,1
학습-전입신고서450.jpg,0,0,1,1,1,1,1,1,1,0,1,1,1,1
학습-전입신고서451.jpg,0,0,1,1,1,1,1,1,1,0,1,1,1,1
학습-전입신고서452.jpg,0,0,1,1,1,1,1,1,1,0,1,1,1,1
학습-전입신고서453.jpg,0,0,1,1,1,1,1,1,1,0,1,1,1,1
학습-전입신고서454.jpg,0,0,1,1,1,1,1,1,1,0,1,1,1,1
학습-전입신고서455.jpg,0,0,1,1,1,1,1,1,1,0,1,1,1,1
학습-전입신고서456.jpg,0,0,1,1,1,1,1,1,1,0,1,1,1,1
학습-전입신고서457.jpg,0,0,1,1,1,1,1,1,1,0,1,1,1,1
학습-전입신고서458.jpg,0,0,1,1,1,1,1,1,1,0,1,1,1,1
학습-전입신고서459.jpg,0,0,1,1,1,1,1,1,1,0,1,1,1,1
학습-전입신고서460.jpg,0,0,1,1,1,1,1,1,1,0,1,1,1,1
학습-전입신고서461.jpg,0,0,1,1,1,1,1,1,1,0,1,1,1,1
학습-전입신고서462.jpg,0,0,1,1,1,1,1,1,1,0,1,1,1,1
학습-전입신고서463.jpg,0,0,1,1,1,1,1,1,1,0,1,1,1,1
학습-전입신고서464.jpg,0,0,1,1,1,1,1,1,1,0,1,1,1,1
학습-전입신고서465.jpg,0,0,1,1,1,1,1,1,1,0,1,1,1,1
학습-전입신고서466.jpg,0,0,1,1,1,1,1,1,1,0,1,1,1,1
학습-전입신고서467.jpg,0,0,1,1,1,1,1,1,1,0,1,1,1,1
학습-전입신고서468.jpg,0,0,1,1,1,1,1,1,1,0,1,1,1,1
학습-전입신고서469.jpg,0,0,1,1,1,1,1,1,1,0,1,1,1,1
학습-전입신고서470.jpg,0,0,1,1,1,1,1,1,1,0,1,1,1,1
학습-전입신고서471.jpg,0,0,1,1,1,1,1,1,1,0,1,1,1,1
학습-전입신고서472.jpg,0,0,1,1,1,1,1,1,1,0,1,1,1,1
학습-전입신고서473.jpg,0,0,1,1,1,1,1,1,1,0,1,1,1,1
학습-전입신고서474.jpg,0,0,1,1,1,1,1,1,1,0,1,1,1,1
학습-전입신고서475.jpg,0,0,1,1,1,1,1,1,1,0,1,1,1,1
학습-전입신고서476.jpg,0,0,1,1,1,1,1,1,1,0,1,1,1,1
학습-전입신고서477.jpg,0,0,1,1,1,1,1,1,1,0,1,1,1,1
학습-전입신고서478.jpg,0,0,0,0,1,1,1,1,1,0,1,1,1,1
학습-전입신고서479.jpg,0,0,0,0,1,1,1,1,1,0,1,1,1,1
학습-전입신고서480.jpg,0,0,0,0,1,1,1,1,1,0,1,1,1,1
학습-전입신고서481.jpg,0,0,0,0,1,1,1,1,1,0,1,1,1,1
학습-전입신고서482.jpg,0,0,0,0,1,1,1,1,1,0,1,1,1,1
학습-전입신고서483.jpg,0,0,0,0,1,1,1,1,1,0,1,1,1,1
학습-전입신고서484.jpg,0,0,0,0,1,1,1,1,1,0,1,1,1,1
학습-전입신고서485.jpg,0,0,0,0,1,1,1,1,1,0,1,1,1,1
학습-전입신고서486.jpg,0,0,0,0,1,1,1,1,1,0,1,1,1,1
학습-전입신고서487.jpg,0,0,0,0,1,1,1,1,1,0,1,1,1,1
학습-전입신고서488.jpg,0,0,0,0,1,1,1,1,1,0,1,1,1,1
학습-전입신고서489.jpg,0,0,0,0,1,1,1,1,1,0,1,1,1,1
학습-전입신고서490.jpg,0,0,0,0,1,1,1,1,1,0,1,1,1,1
학습-전입신고서491.jpg,0,0,0,0,1,1,1,1,1,0,1,1,1,1
학습-전입신고서492.jpg,0,0,0,0,1,1,1,1,1,0,1,1,1,1
학습-전입신고서493.jpg,0,0,0,0,1,1,1,1,1,0,1,1,1,1
학습-전입신고서494.jpg,0,0,0,0,1,1,1,1,1,0,1,1,1,1
학습-전입신고서495.jpg,0,0,0,0,1,1,1,1,1,0,1,1,1,1
학습-전입신고서496.jpg,0,0,0,0,1,1,1,1,1,0,1,1,1,1
학습-전입신고서497.jpg,0,0,0,0,1,1,1,1,1,0,1,1,1,1
학습-전입신고서498.jpg,0,0,0,0,1,1,1,1,1,0,1,1,1,1
학습-전입신고서499.jpg,0,0,0,0,1,1,1,1,1,0,1,1,1,1
학습-전입신고서500.jpg,0,0,0,0,1,1,1,1,1,0,1,1,1,1
학습-전입신고서501.jpg,0,0,0,0,1,1,1,1,1,0,1,1,1,1
학습-전입신고서502.jpg,0,0,0,0,1,1,1,1,1,0,1,1,1,1
학습-전입신고서503.jpg,0,0,0,0,1,1,1,1,1,0,1,1,1,1
학습-전입신고서504.jpg,0,0,0,0,1,1,1,1,1,0,1,1,1,1
학습-전입신고서505.jpg,0,0,0,0,1,1,1,1,1,0,1,1,1,1
학습-전입신고서506.jpg,0,0,0,0,1,1,1,1,1,0,1,1,1,1
학습-전입신고서507.jpg,0,0,0,0,1,1,1,1,1,0,1,1,1,1
학습-전입신고서508.jpg,0,0,0,0,1,1,1,1,1,0,1,1,1,1
학습-전입신고서509.jpg,0,0,0,0,1,1,1,1,1,0,1,1,1,1
학습-전입신고서510.jpg,0,0,0,0,1,1,1,1,1,0,1,1,1,1
학습-전입신고서511.jpg,0,0,0,0,1,1,1,1,1,0,1,1,1,1
학습-전입신고서512.jpg,0,0,0,0,1,1,1,1,1,0,1,1,1,1
학습-전입신고서513.jpg,0,0,0,0,1,1,1,1,1,0,1,1,1,1
학습-전입신고서514.jpg,0,0,0,0,1,1,1,1,1,0,1,1,1,1
학습-전입신고서515.jpg,0,0,0,0,1,1,1,1,1,0,1,1,1,1
학습-전입신고서516.jpg,0,0,0,0,1,1,1,1,1,0,1,1,1,1
학습-전입신고서517.jpg,0,0,0,0,1,1,1,1,1,0,1,1,1,1
학습-전입신고서518.jpg,0,0,0,0,1,1,1,1,1,0,1,1,1,1
학습-전입신고서519.jpg,0,0,0,0,1,1,1,1,1,0,1,1,1,1
학습-전입신고서520.jpg,0,0,0,0,1,1,1,1,1,0,1,1,1,1
학습-전입신고서521.jpg,0,0,0,0,1,1,1,1,1,0,1,1,1,1
학습-전입신고서522.jpg,0,0,0,0,1,1,1,1,1,0,1,1,1,1
학습-전입신고서523.jpg,0,0,0,0,1,1,1,1,1,0,1,1,1,1
학습-전입신고서524.jpg,0,0,0,0,1,1,1,1,1,0,1,1,1,1
학습-전입신고서525.jpg,0,0,0,0,1,1,1,1,1,0,1,1,1,1
학습-전입신고서526.jpg,0,0,0,0,1,1,1,1,1,0,1,1,1,1
학습-전입신고서527.jpg,0,0,0,0,1,1,1,1,1,0,1,1,1,1
학습-전입신고서528.jpg,0,0,0,0,1,1,1,1,1,0,1,1,1,1
학습-전입신고서529.jpg,0,0,0,0,1,1,1,1,1,0,1,1,1,1
학습-전입신고서530.jpg,0,0,0,0,1,1,1,1,1,0,1,1,1,1
학습-전입신고서531.jpg,0,0,0,0,1,1,1,1,1,0,1,1,1,1
학습-전입신고서532.jpg,0,0,0,0,1,1,1,1,1,0,1,1,1,1
학습-전입신고서533.jpg,0,0,0,0,1,1,1,1,1,0,1,1,1,1
학습-전입신고서534.jpg,0,0,0,0,1,1,1,1,1,0,1,1,1,1
학습-전입신고서535.jpg,0,0,0,0,1,1,1,1,1,0,1,1,1,1
학습-전입신고서536.jpg,0,0,0,0,1,1,1,1,1,0,1,1,1,1
학습-전입신고서537.jpg,0,0,0,0,1,1,1,1,1,0,1,1,1,1
학습-전입신고서538.jpg,0,0,0,0,1,1,1,1,1,0,1,1,1,1
학습-전입신고서539.jpg,0,0,0,0,1,1,1,1,1,0,1,1,1,1
학습-전입신고서540.jpg,0,0,0,0,1,1,1,1,1,0,1,1,1,1
학습-전입신고서541.jpg,0,0,0,0,1,1,1,1,1,0,1,1,1,1
학습-전입신고서542.jpg,0,0,0,0,1,1,1,1,1,0,1,1,1,1
학습-전입신고서543.jpg,0,0,0,0,1,1,1,1,1,0,1,1,1,1
학습-전입신고서544.jpg,0,0,0,0,1,1,1,1,1,0,1,1,1,1
학습-전입신고서545.jpg,0,0,0,0,1,1,1,1,1,0,1,1,1,1
학습-전입신고서546.jpg,0,0,0,0,1,1,1,1,1,0,1,1,1,1
학습-전입신고서547.jpg,0,0,0,0,1,1,1,1,1,0,1,1,1,1
학습-전입신고서548.jpg,0,0,0,0,1,1,1,1,1,0,1,1,1,1
학습-전입신고서549.jpg,0,0,0,0,1,1,1,1,1,0,1,1,1,1
학습-전입신고서550.jpg,0,0,0,0,1,1,1,1,1,0,1,1,1,1
학습-전입신고서551.jpg,0,0,0,0,1,1,1,1,1,0,1,1,1,1
학습-전입신고서552.jpg,0,0,0,0,1,1,1,1,1,0,1,1,1,1
학습-전입신고서553.jpg,0,0,0,0,1,1,1,1,1,0,1,1,1,1
학습-전입신고서554.jpg,0,0,0,0,1,1,1,1,1,0,1,1,1,1
학습-전입신고서555.jpg,0,0,0,0,1,1,1,1,1,0,1,1,1,1
학습-전입신고서556.jpg,0,0,0,0,1,1,1,1,1,0,1,1,1,1
학습-전입신고서557.jpg,0,0,0,0,1,1,1,1,1,0,1,1,1,1
학습-전입신고서558.jpg,0,0,0,0,1,1,1,1,1,0,1,1,1,1
학습-전입신고서559.jpg,0,0,0,0,1,1,1,1,1,0,1,1,1,1
학습-전입신고서560.jpg,0,0,0,0,1,1,1,1,1,0,1,1,1,1
학습-전입신고서561.jpg,0,0,0,0,1,1,1,1,1,0,1,1,1,1
학습-전입신고서562.jpg,0,0,0,0,1,1,1,1,1,0,1,1,1,1
학습-전입신고서563.jpg,0,0,0,0,1,1,1,1,1,0,1,1,1,1
학습-전입신고서564.jpg,0,0,0,0,1,1,1,1,1,0,1,1,1,1
학습-전입신고서565.jpg,0,0,0,0,1,1,1,1,1,0,1,1,1,1
학습-전입신고서566.jpg,0,0,0,0,1,1,1,1,1,0,1,1,1,1
학습-전입신고서567.jpg,0,0,0,0,1,1,1,1,1,0,1,1,1,1
학습-전입신고서568.jpg,0,0,0,0,1,1,1,1,1,0,1,1,1,1
학습-전입신고서569.jpg,0,0,0,0,1,1,1,1,1,0,1,1,1,1
학습-전입신고서570.jpg,0,0,0,0,1,1,1,1,1,0,1,1,1,1
학습-전입신고서571.jpg,0,0,0,0,1,1,1,1,1,0,1,1,1,1
학습-전입신고서572.jpg,0,0,0,0,1,1,1,1,1,0,1,1,1,1
학습-전입신고서573.jpg,0,0,0,0,1,1,1,1,1,0,1,1,1,1
학습-전입신고서574.jpg,0,0,0,0,1,1,1,1,1,0,1,1,1,1
학습-전입신고서575.jpg,0,0,0,0,1,1,1,1,1,0,1,1,1,1
학습-전입신고서576.jpg,0,0,0,0,1,1,1,1,1,0,1,1,1,1
학습-전입신고서577.jpg,0,0,0,0,1,1,1,1,1,0,1,1,1,1
학습-전입신고서578.jpg,0,0,1,1,1,1,1,1,1,1,1,1,1,1
학습-전입신고서579.jpg,0,0,1,1,1,1,1,1,1,1,1,1,1,1
학습-전입신고서580.jpg,0,0,1,1,1,1,1,1,1,1,1,1,1,1
학습-전입신고서581.jpg,0,0,1,1,1,1,1,1,1,1,1,1,1,1
학습-전입신고서582.jpg,0,0,1,1,1,1,1,1,1,1,1,1,1,1
학습-전입신고서583.jpg,0,0,1,1,1,1,1,1,1,1,1,1,1,1
학습-전입신고서584.jpg,0,0,1,1,1,1,1,1,1,1,1,1,1,1
학습-전입신고서585.jpg,0,0,1,1,1,1,1,1,1,1,1,1,1,1
학습-전입신고서586.jpg,0,0,1,1,1,1,1,1,1,1,1,1,1,1
학습-전입신고서587.jpg,0,0,1,1,1,1,1,1,1,1,1,1,1,1
학습-전입신고서588.jpg,0,0,1,1,1,1,1,1,1,1,1,1,1,1
학습-전입신고서589.jpg,0,0,1,1,1,1,1,1,1,1,1,1,1,1
학습-전입신고서590.jpg,0,0,1,1,1,1,1,1,1,1,1,1,1,1
학습-전입신고서591.jpg,0,0,1,1,1,1,1,1,1,1,1,1,1,1
학습-전입신고서592.jpg,0,0,1,1,1,1,1,1,1,1,1,1,1,1
학습-전입신고서593.jpg,0,0,1,1,1,1,1,1,1,1,1,1,1,1
학습-전입신고서594.jpg,0,0,1,1,1,1,1,1,1,1,1,1,1,1
학습-전입신고서595.jpg,0,0,1,1,1,1,1,1,1,1,1,1,1,1
학습-전입신고서596.jpg,0,0,1,1,1,1,1,1,1,1,1,1,1,1
학습-전입신고서597.jpg,0,0,1,1,1,1,1,1,1,1,1,1,1,1
학습-전입신고서598.jpg,0,0,1,1,1,1,1,1,1,1,1,1,1,1
학습-전입신고서599.jpg,0,0,1,1,1,1,1,1,1,1,1,1,1,1
학습-전입신고서600.jpg,0,0,1,1,1,1,1,1,1,1,1,1,1,1
학습-전입신고서601.jpg,0,0,1,1,1,1,1,1,1,1,1,1,1,1
학습-전입신고서602.jpg,0,0,1,1,1,1,1,1,1,1,1,1,1,1
학습-전입신고서603.jpg,0,0,1,1,1,1,1,1,1,1,1,1,1,1
학습-전입신고서604.jpg,0,0,1,1,1,1,1,1,1,1,1,1,1,1
학습-전입신고서605.jpg,0,0,1,1,1,1,1,1,1,1,1,1,1,1
학습-전입신고서606.jpg,0,0,1,1,1,1,1,1,1,1,1,1,1,1
학습-전입신고서607.jpg,0,0,1,1,1,1,1,1,1,1,1,1,1,1
학습-전입신고서608.jpg,0,0,1,1,1,1,1,1,1,1,1,1,1,1
학습-전입신고서609.jpg,0,0,1,1,1,1,1,1,1,1,1,1,1,1
학습-전입신고서610.jpg,0,0,1,1,1,1,1,1,1,1,1,1,1,1
학습-전입신고서611.jpg,0,0,1,1,1,1,1,1,1,1,1,1,1,1
학습-전입신고서612.jpg,0,0,1,1,1,1,1,1,1,1,1,1,1,1
학습-전입신고서613.jpg,0,0,1,1,1,1,1,1,1,1,1,1,1,1
학습-전입신고서614.jpg,0,0,1,1,1,1,1,1,1,1,1,1,1,1
학습-전입신고서615.jpg,0,0,1,1,1,1,1,1,1,1,1,1,1,1
학습-전입신고서616.jpg,0,0,1,1,1,1,1,1,1,1,1,1,1,1
학습-전입신고서617.jpg,0,0,1,1,1,1,1,1,1,1,1,1,1,1
학습-전입신고서618.jpg,0,0,1,1,1,1,1,1,1,1,1,1,1,1
학습-전입신고서619.jpg,0,0,1,1,1,1,1,1,1,1,1,1,1,1
학습-전입신고서620.jpg,0,0,1,1,1,1,1,1,1,1,1,1,1,1
학습-전입신고서621.jpg,0,0,1,1,1,1,1,1,1,1,1,1,1,1
학습-전입신고서622.jpg,0,0,1,1,1,1,1,1,1,1,1,1,1,1
학습-전입신고서623.jpg,0,0,1,1,1,1,1,1,1,1,1,1,1,1
학습-전입신고서624.jpg,0,0,1,1,1,1,1,1,1,1,1,1,1,1
학습-전입신고서625.jpg,0,0,1,1,1,1,1,1,1,1,1,1,1,1
학습-전입신고서626.jpg,0,0,1,1,1,1,1,1,1,1,1,1,1,1
학습-전입신고서627.jpg,0,0,1,1,1,1,1,1,1,1,1,1,1,1
학습-전입신고서628.jpg,0,0,1,1,1,1,1,1,1,1,1,1,1,1
학습-전입신고서629.jpg,0,0,1,1,1,1,1,1,1,1,1,1,1,1
학습-전입신고서630.jpg,0,0,1,1,1,1,1,1,1,1,1,1,1,1
학습-전입신고서631.jpg,0,0,1,1,1,1,1,1,1,1,1,1,1,1
학습-전입신고서632.jpg,0,0,1,1,1,1,1,1,1,1,1,1,1,1
학습-전입신고서633.jpg,0,0,1,1,1,1,1,1,1,1,1,1,1,1
학습-전입신고서634.jpg,0,0,1,1,1,1,1,1,1,1,1,1,1,1
학습-전입신고서635.jpg,0,0,1,1,1,1,1,1,1,1,1,1,1,1
학습-전입신고서636.jpg,0,0,1,1,1,1,1,1,1,1,1,1,1,1
학습-전입신고서637.jpg,0,0,1,1,1,1,1,1,1,1,1,1,1,1
학습-전입신고서638.jpg,0,0,1,1,1,1,1,1,1,1,1,1,1,1
학습-전입신고서639.jpg,0,0,1,1,1,1,1,1,1,1,1,1,1,1
학습-전입신고서640.jpg,0,0,1,1,1,1,1,1,1,1,1,1,1,1
학습-전입신고서641.jpg,0,0,1,1,1,1,1,1,1,1,1,1,1,1
학습-전입신고서642.jpg,0,0,1,1,1,1,1,1,1,1,1,1,1,1
학습-전입신고서643.jpg,0,0,1,1,1,1,1,1,1,1,1,1,1,1
학습-전입신고서644.jpg,0,0,1,1,1,1,1,1,1,1,1,1,1,1
학습-전입신고서645.jpg,0,0,1,1,1,1,1,1,1,1,1,1,1,1
학습-전입신고서646.jpg,0,0,1,1,1,1,1,1,1,1,1,1,1,1
학습-전입신고서647.jpg,0,0,1,1,1,1,1,1,1,1,1,1,1,1
학습-전입신고서648.jpg,0,0,1,1,1,1,1,1,1,1,1,1,1,1
학습-전입신고서649.jpg,0,0,1,1,1,1,1,1,1,1,1,1,1,1
학습-전입신고서650.jpg,0,0,1,1,1,1,1,1,1,1,1,1,1,1
학습-전입신고서651.jpg,0,0,1,1,1,1,1,1,1,1,1,1,1,1
학습-전입신고서652.jpg,0,0,1,1,1,1,1,1,1,1,1,1,1,1
학습-전입신고서653.jpg,0,0,1,1,1,1,1,1,1,1,1,1,1,1
학습-전입신고서654.jpg,0,0,1,1,1,1,1,1,1,1,1,1,1,1
학습-전입신고서655.jpg,0,0,1,1,1,1,1,1,1,1,1,1,1,1
학습-전입신고서656.jpg,0,0,1,1,1,1,1,1,1,1,1,1,1,1
학습-전입신고서657.jpg,0,0,1,1,1,1,1,1,1,1,1,1,1,1
학습-전입신고서658.jpg,0,0,1,1,1,1,1,1,1,1,1,1,1,1
학습-전입신고서659.jpg,0,0,1,1,1,1,1,1,1,1,1,1,1,1
학습-전입신고서660.jpg,0,0,1,1,1,1,1,1,1,1,1,1,1,1
학습-전입신고서661.jpg,0,0,1,1,1,1,1,1,1,1,1,1,1,1
학습-전입신고서662.jpg,0,0,1,1,1,1,1,1,1,1,1,1,1,1
학습-전입신고서663.jpg,0,0,1,1,1,1,1,1,1,1,1,1,1,1
학습-전입신고서664.jpg,0,0,1,1,1,1,1,1,1,1,1,1,1,1
학습-전입신고서665.jpg,0,0,1,1,1,1,1,1,1,1,1,1,1,1
학습-전입신고서666.jpg,0,0,1,1,1,1,1,1,1,1,1,1,1,1
학습-전입신고서667.jpg,0,0,1,1,1,1,1,1,1,1,1,1,1,1
학습-전입신고서668.jpg,0,0,1,1,1,1,1,1,1,1,1,1,1,1
학습-전입신고서669.jpg,0,0,1,1,1,1,1,1,1,1,1,1,1,1
학습-전입신고서670.jpg,0,0,1,1,1,1,1,1,1,1,1,1,1,1
학습-전입신고서671.jpg,0,0,1,1,1,1,1,1,1,1,1,1,1,1
학습-전입신고서672.jpg,0,0,1,1,1,1,1,1,1,1,1,1,1,1
학습-전입신고서673.jpg,0,0,1,1,1,1,1,1,1,1,1,1,1,1
학습-전입신고서674.jpg,0,0,1,1,1,1,1,1,1,1,1,1,1,1
학습-전입신고서675.jpg,0,0,1,1,1,1,1,1,1,1,1,1,1,1
학습-전입신고서676.jpg,0,0,1,1,1,1,1,1,1,1,1,1,1,1
학습-전입신고서677.jpg,0,0,1,1,1,1,1,1,1,1,1,1,1,1
학습-전입신고서678.jpg,0,0,0,0,0,1,1,1,1,1,1,1,1,1
학습-전입신고서679.jpg,0,0,0,0,0,1,1,1,1,1,1,1,1,1
학습-전입신고서680.jpg,0,0,0,0,0,1,1,1,1,1,1,1,1,1
학습-전입신고서681.jpg,0,0,0,0,0,1,1,1,1,1,1,1,1,1
학습-전입신고서682.jpg,0,0,0,0,0,1,1,1,1,1,1,1,1,1
학습-전입신고서683.jpg,0,0,0,0,0,1,1,1,1,1,1,1,1,1
학습-전입신고서684.jpg,0,0,0,0,0,1,1,1,1,1,1,1,1,1
학습-전입신고서685.jpg,0,0,0,0,0,1,1,1,1,1,1,1,1,1
학습-전입신고서686.jpg,0,0,0,0,0,1,1,1,1,1,1,1,1,1
학습-전입신고서687.jpg,0,0,0,0,0,1,1,1,1,1,1,1,1,1
학습-전입신고서688.jpg,0,0,0,0,0,1,1,1,1,1,1,1,1,1
학습-전입신고서689.jpg,0,0,0,0,0,1,1,1,1,1,1,1,1,1
학습-전입신고서690.jpg,0,0,0,0,0,1,1,1,1,1,1,1,1,1
학습-전입신고서691.jpg,0,0,0,0,0,1,1,1,1,1,1,1,1,1
학습-전입신고서692.jpg,0,0,0,0,0,1,1,1,1,1,1,1,1,1
학습-전입신고서693.jpg,0,0,0,0,0,1,1,1,1,1,1,1,1,1
학습-전입신고서694.jpg,0,0,0,0,0,1,1,1,1,1,1,1,1,1
학습-전입신고서695.jpg,0,0,0,0,0,1,1,1,1,1,1,1,1,1
학습-전입신고서696.jpg,0,0,0,0,0,1,1,1,1,1,1,1,1,1
학습-전입신고서697.jpg,0,0,0,0,0,1,1,1,1,1,1,1,1,1
학습-전입신고서698.jpg,0,0,0,0,0,1,1,1,1,1,1,1,1,1
학습-전입신고서699.jpg,0,0,0,0,0,1,1,1,1,1,1,1,1,1
학습-전입신고서700.jpg,0,0,0,0,0,1,1,1,1,1,1,1,1,1
학습-전입신고서701.jpg,0,0,0,0,0,1,1,1,1,1,1,1,1,1
학습-전입신고서702.jpg,0,0,0,0,0,1,1,1,1,1,1,1,1,1
학습-전입신고서703.jpg,0,0,0,0,0,1,1,1,1,1,1,1,1,1
학습-전입신고서704.jpg,0,0,0,0,0,1,1,1,1,1,1,1,1,1
학습-전입신고서705.jpg,0,0,0,0,0,1,1,1,1,1,1,1,1,1
학습-전입신고서706.jpg,0,0,0,0,0,1,1,1,1,1,1,1,1,1
학습-전입신고서707.jpg,0,0,0,0,0,1,1,1,1,1,1,1,1,1
학습-전입신고서708.jpg,0,0,0,0,0,1,1,1,1,1,1,1,1,1
학습-전입신고서709.jpg,0,0,0,0,0,1,1,1,1,1,1,1,1,1
학습-전입신고서710.jpg,0,0,0,0,0,1,1,1,1,1,1,1,1,1
학습-전입신고서711.jpg,0,0,0,0,0,1,1,1,1,1,1,1,1,1
학습-전입신고서712.jpg,0,0,0,0,0,1,1,1,1,1,1,1,1,1
학습-전입신고서713.jpg,0,0,0,0,0,1,1,1,1,1,1,1,1,1
학습-전입신고서714.jpg,0,0,0,0,0,1,1,1,1,1,1,1,1,1
학습-전입신고서715.jpg,0,0,0,0,0,1,1,1,1,1,1,1,1,1
학습-전입신고서716.jpg,0,0,0,0,0,1,1,1,1,1,1,1,1,1
학습-전입신고서717.jpg,0,0,0,0,0,1,1,1,1,1,1,1,1,1
학습-전입신고서718.jpg,0,0,0,0,0,1,1,1,1,1,1,1,1,1
학습-전입신고서719.jpg,0,0,0,0,0,1,1,1,1,1,1,1,1,1
학습-전입신고서720.jpg,0,0,0,0,0,1,1,1,1,1,1,1,1,1
학습-전입신고서721.jpg,0,0,0,0,0,1,1,1,1,1,1,1,1,1
학습-전입신고서722.jpg,0,0,0,0,0,1,1,1,1,1,1,1,1,1
학습-전입신고서723.jpg,0,0,0,0,0,1,1,1,1,1,1,1,1,1
학습-전입신고서724.jpg,0,0,0,0,0,1,1,1,1,1,1,1,1,1
학습-전입신고서725.jpg,0,0,0,0,0,1,1,1,1,1,1,1,1,1
학습-전입신고서726.jpg,0,0,0,0,0,1,1,1,1,1,1,1,1,1
학습-전입신고서727.jpg,0,0,0,0,0,1,1,1,1,1,1,1,1,1
학습-전입신고서728.jpg,0,0,0,0,0,1,1,1,1,1,1,1,1,1
학습-전입신고서729.jpg,0,0,0,0,0,1,1,1,1,1,1,1,1,1
학습-전입신고서730.jpg,0,0,0,0,0,1,1,1,1,1,1,1,1,1
학습-전입신고서731.jpg,0,0,0,0,0,1,1,1,1,1,1,1,1,1
학습-전입신고서732.jpg,0,0,0,0,0,1,1,1,1,1,1,1,1,1
학습-전입신고서733.jpg,0,0,0,0,0,1,1,1,1,1,1,1,1,1
학습-전입신고서734.jpg,0,0,0,0,0,1,1,1,1,1,1,1,1,1
학습-전입신고서735.jpg,0,0,0,0,0,1,1,1,1,1,1,1,1,1
학습-전입신고서736.jpg,0,0,0,0,0,1,1,1,1,1,1,1,1,1
학습-전입신고서737.jpg,0,0,0,0,0,1,1,1,1,1,1,1,1,1
학습-전입신고서738.jpg,0,0,0,0,0,1,1,1,1,1,1,1,1,1
학습-전입신고서739.jpg,0,0,0,0,0,1,1,1,1,1,1,1,1,1
학습-전입신고서740.jpg,0,0,0,0,0,1,1,1,1,1,1,1,1,1
학습-전입신고서741.jpg,0,0,0,0,0,1,1,1,1,1,1,1,1,1
학습-전입신고서742.jpg,0,0,0,0,0,1,1,1,1,1,1,1,1,1
학습-전입신고서743.jpg,0,0,0,0,0,1,1,1,1,1,1,1,1,1
학습-전입신고서744.jpg,0,0,0,0,0,1,1,1,1,1,1,1,1,1
학습-전입신고서745.jpg,0,0,0,0,0,1,1,1,1,1,1,1,1,1
학습-전입신고서746.jpg,0,0,0,0,0,1,1,1,1,1,1,1,1,1
학습-전입신고서747.jpg,0,0,0,0,0,1,1,1,1,1,1,1,1,1
학습-전입신고서748.jpg,0,0,0,0,0,1,1,1,1,1,1,1,1,1
학습-전입신고서749.jpg,0,0,0,0,0,1,1,1,1,1,1,1,1,1
학습-전입신고서750.jpg,0,0,0,0,0,1,1,1,1,1,1,1,1,1
학습-전입신고서751.jpg,0,0,0,0,0,1,1,1,1,1,1,1,1,1
학습-전입신고서752.jpg,0,0,0,0,0,1,1,1,1,1,1,1,1,1
학습-전입신고서753.jpg,0,0,0,0,0,1,1,1,1,1,1,1,1,1
학습-전입신고서754.jpg,0,0,0,0,0,1,1,1,1,1,1,1,1,1
학습-전입신고서755.jpg,0,0,0,0,0,1,1,1,1,1,1,1,1,1
학습-전입신고서756.jpg,0,0,0,0,0,1,1,1,1,1,1,1,1,1
학습-전입신고서757.jpg,0,0,0,0,0,1,1,1,1,1,1,1,1,1
학습-전입신고서758.jpg,0,0,0,0,0,1,1,1,1,1,1,1,1,1
학습-전입신고서759.jpg,0,0,0,0,0,1,1,1,1,1,1,1,1,1
학습-전입신고서760.jpg,0,0,0,0,0,1,1,1,1,1,1,1,1,1
학습-전입신고서761.jpg,0,0,0,0,0,1,1,1,1,1,1,1,1,1
학습-전입신고서762.jpg,0,0,0,0,0,1,1,1,1,1,1,1,1,1
학습-전입신고서763.jpg,0,0,0,0,0,1,1,1,1,1,1,1,1,1
학습-전입신고서764.jpg,0,0,0,0,0,1,1,1,1,1,1,1,1,1
학습-전입신고서765.jpg,0,0,0,0,0,1,1,1,1,1,1,1,1,1
학습-전입신고서766.jpg,0,0,0,0,0,1,1,1,1,1,1,1,1,1
학습-전입신고서767.jpg,0,0,0,0,0,1,1,1,1,1,1,1,1,1
학습-전입신고서768.jpg,0,0,0,0,0,1,1,1,1,1,1,1,1,1
학습-전입신고서769.jpg,0,0,0,0,0,1,1,1,1,1,1,1,1,1
학습-전입신고서770.jpg,0,0,0,0,0,1,1,1,1,1,1,1,1,1
학습-전입신고서771.jpg,0,0,0,0,0,1,1,1,1,1,1,1,1,1
학습-전입신고서772.jpg,0,0,0,0,0,1,1,1,1,1,1,1,1,1
학습-전입신고서773.jpg,0,0,0,0,0,1,1,1,1,1,1,1,1,1
학습-전입신고서774.jpg,0,0,0,0,0,1,1,1,1,1,1,1,1,1
학습-전입신고서775.jpg,0,0,0,0,0,1,1,1,1,1,1,1,1,1
학습-전입신고서776.jpg,0,0,0,0,0,1,1,1,1,1,1,1,1,1
학습-전입신고서777.jpg,0,0,0,0,0,1,1,1,1,1,1,1,1,1
학습-전입신고서778.jpg,0,0,0,0,0,0,0,0,0,1,1,1,1,1
학습-전입신고서779.jpg,0,0,0,0,0,0,0,0,0,1,1,1,1,1
학습-전입신고서780.jpg,0,0,0,0,0,0,0,0,0,1,1,1,1,1
학습-전입신고서781.jpg,0,0,0,0,0,0,0,0,0,1,1,1,1,1
학습-전입신고서782.jpg,0,0,0,0,0,0,0,0,0,1,1,1,1,1
학습-전입신고서783.jpg,0,0,0,0,0,0,0,0,0,1,1,1,1,1
학습-전입신고서784.jpg,0,0,0,0,0,0,0,0,0,1,1,1,1,1
학습-전입신고서785.jpg,0,0,0,0,0,0,0,0,0,1,1,1,1,1
학습-전입신고서786.jpg,0,0,0,0,0,0,0,0,0,1,1,1,1,1
학습-전입신고서787.jpg,0,0,0,0,0,0,0,0,0,1,1,1,1,1
학습-전입신고서788.jpg,0,0,0,0,0,0,0,0,0,1,1,1,1,1
학습-전입신고서789.jpg,0,0,0,0,0,0,0,0,0,1,1,1,1,1
학습-전입신고서790.jpg,0,0,0,0,0,0,0,0,0,1,1,1,1,1
학습-전입신고서791.jpg,0,0,0,0,0,0,0,0,0,1,1,1,1,1
학습-전입신고서792.jpg,0,0,0,0,0,0,0,0,0,1,1,1,1,1
학습-전입신고서793.jpg,0,0,0,0,0,0,0,0,0,1,1,1,1,1
학습-전입신고서794.jpg,0,0,0,0,0,0,0,0,0,1,1,1,1,1
학습-전입신고서795.jpg,0,0,0,0,0,0,0,0,0,1,1,1,1,1
학습-전입신고서796.jpg,0,0,0,0,0,0,0,0,0,1,1,1,1,1
학습-전입신고서797.jpg,0,0,0,0,0,0,0,0,0,1,1,1,1,1
학습-전입신고서798.jpg,0,0,0,0,0,0,0,0,0,1,1,1,1,1
학습-전입신고서799.jpg,0,0,0,0,0,0,0,0,0,1,1,1,1,1
학습-전입신고서800.jpg,0,0,0,0,0,0,0,0,0,1,1,1,1,1
학습-전입신고서801.jpg,0,0,0,0,0,0,0,0,0,1,1,1,1,1
학습-전입신고서802.jpg,0,0,0,0,0,0,0,0,0,1,1,1,1,1
학습-전입신고서803.jpg,0,0,0,0,0,0,0,0,0,1,1,1,1,1
학습-전입신고서804.jpg,0,0,0,0,0,0,0,0,0,1,1,1,1,1
학습-전입신고서805.jpg,0,0,0,0,0,0,0,0,0,1,1,1,1,1
학습-전입신고서806.jpg,0,0,0,0,0,0,0,0,0,1,1,1,1,1
학습-전입신고서807.jpg,0,0,0,0,0,0,0,0,0,1,1,1,1,1
학습-전입신고서808.jpg,0,0,0,0,0,0,0,0,0,1,1,1,1,1
학습-전입신고서809.jpg,0,0,0,0,0,0,0,0,0,1,1,1,1,1
학습-전입신고서810.jpg,0,0,0,0,0,0,0,0,0,1,1,1,1,1
학습-전입신고서811.jpg,0,0,0,0,0,0,0,0,0,1,1,1,1,1
학습-전입신고서812.jpg,0,0,0,0,0,0,0,0,0,1,1,1,1,1
학습-전입신고서813.jpg,0,0,0,0,0,0,0,0,0,1,1,1,1,1
학습-전입신고서814.jpg,0,0,0,0,0,0,0,0,0,1,1,1,1,1
학습-전입신고서815.jpg,0,0,0,0,0,0,0,0,0,1,1,1,1,1
학습-전입신고서816.jpg,0,0,0,0,0,0,0,0,0,1,1,1,1,1
학습-전입신고서817.jpg,0,0,0,0,0,0,0,0,0,1,1,1,1,1
학습-전입신고서818.jpg,0,0,0,0,0,0,0,0,0,1,1,1,1,1
학습-전입신고서819.jpg,0,0,0,0,0,0,0,0,0,1,1,1,1,1
학습-전입신고서820.jpg,0,0,0,0,0,0,0,0,0,1,1,1,1,1
학습-전입신고서821.jpg,0,0,0,0,0,0,0,0,0,1,1,1,1,1
학습-전입신고서822.jpg,0,0,0,0,0,0,0,0,0,1,1,1,1,1
학습-전입신고서823.jpg,0,0,0,0,0,0,0,0,0,1,1,1,1,1
학습-전입신고서824.jpg,0,0,0,0,0,0,0,0,0,1,1,1,1,1
학습-전입신고서825.jpg,0,0,0,0,0,0,0,0,0,1,1,1,1,1
학습-전입신고서826.jpg,0,0,0,0,0,0,0,0,0,1,1,1,1,1
학습-전입신고서827.jpg,0,0,0,0,0,0,0,0,0,1,1,1,1,1
학습-전입신고서828.jpg,0,0,0,0,0,0,0,0,0,1,1,1,1,1
학습-전입신고서829.jpg,0,0,0,0,0,0,0,0,0,1,1,1,1,1
학습-전입신고서830.jpg,0,0,0,0,0,0,0,0,0,1,1,1,1,1
학습-전입신고서831.jpg,0,0,0,0,0,0,0,0,0,1,1,1,1,1
학습-전입신고서832.jpg,0,0,0,0,0,0,0,0,0,1,1,1,1,1
학습-전입신고서833.jpg,0,0,0,0,0,0,0,0,0,1,1,1,1,1
학습-전입신고서834.jpg,0,0,0,0,0,0,0,0,0,1,1,1,1,1
학습-전입신고서835.jpg,0,0,0,0,0,0,0,0,0,1,1,1,1,1
학습-전입신고서836.jpg,0,0,0,0,0,0,0,0,0,1,1,1,1,1
학습-전입신고서837.jpg,0,0,0,0,0,0,0,0,0,1,1,1,1,1
학습-전입신고서838.jpg,0,0,0,0,0,0,0,0,0,1,1,1,1,1
학습-전입신고서839.jpg,0,0,0,0,0,0,0,0,0,1,1,1,1,1
학습-전입신고서840.jpg,0,0,0,0,0,0,0,0,0,1,1,1,1,1
학습-전입신고서841.jpg,0,0,0,0,0,0,0,0,0,1,1,1,1,1
학습-전입신고서842.jpg,0,0,0,0,0,0,0,0,0,1,1,1,1,1
학습-전입신고서843.jpg,0,0,0,0,0,0,0,0,0,1,1,1,1,1
학습-전입신고서844.jpg,0,0,0,0,0,0,0,0,0,1,1,1,1,1
학습-전입신고서845.jpg,0,0,0,0,0,0,0,0,0,1,1,1,1,1
학습-전입신고서846.jpg,0,0,0,0,0,0,0,0,0,1,1,1,1,1
학습-전입신고서847.jpg,0,0,0,0,0,0,0,0,0,1,1,1,1,1
학습-전입신고서848.jpg,0,0,0,0,0,0,0,0,0,1,1,1,1,1
학습-전입신고서849.jpg,0,0,0,0,0,0,0,0,0,1,1,1,1,1
학습-전입신고서850.jpg,0,0,0,0,0,0,0,0,0,1,1,1,1,1
학습-전입신고서851.jpg,0,0,0,0,0,0,0,0,0,1,1,1,1,1
학습-전입신고서852.jpg,0,0,0,0,0,0,0,0,0,1,1,1,1,1
학습-전입신고서853.jpg,0,0,0,0,0,0,0,0,0,1,1,1,1,1
학습-전입신고서854.jpg,0,0,0,0,0,0,0,0,0,1,1,1,1,1
학습-전입신고서855.jpg,0,0,0,0,0,0,0,0,0,1,1,1,1,1
학습-전입신고서856.jpg,0,0,0,0,0,0,0,0,0,1,1,1,1,1
학습-전입신고서857.jpg,0,0,0,0,0,0,0,0,0,1,1,1,1,1
학습-전입신고서858.jpg,0,0,0,0,0,0,0,0,0,1,1,1,1,1
학습-전입신고서859.jpg,0,0,0,0,0,0,0,0,0,1,1,1,1,1
학습-전입신고서860.jpg,0,0,0,0,0,0,0,0,0,1,1,1,1,1
학습-전입신고서861.jpg,0,0,0,0,0,0,0,0,0,1,1,1,1,1
학습-전입신고서862.jpg,0,0,0,0,0,0,0,0,0,1,1,1,1,1
학습-전입신고서863.jpg,0,0,0,0,0,0,0,0,0,1,1,1,1,1
학습-전입신고서864.jpg,0,0,0,0,0,0,0,0,0,1,1,1,1,1
학습-전입신고서865.jpg,0,0,0,0,0,0,0,0,0,1,1,1,1,1
학습-전입신고서866.jpg,0,0,0,0,0,0,0,0,0,1,1,1,1,1
학습-전입신고서867.jpg,0,0,0,0,0,0,0,0,0,1,1,1,1,1
학습-전입신고서868.jpg,0,0,0,0,0,0,0,0,0,1,1,1,1,1
학습-전입신고서869.jpg,0,0,0,0,0,0,0,0,0,1,1,1,1,1
학습-전입신고서870.jpg,0,0,0,0,0,0,0,0,0,1,1,1,1,1
학습-전입신고서871.jpg,0,0,0,0,0,0,0,0,0,1,1,1,1,1
학습-전입신고서872.jpg,0,0,0,0,0,0,0,0,0,1,1,1,1,1
학습-전입신고서873.jpg,0,0,0,0,0,0,0,0,0,1,1,1,1,1
학습-전입신고서874.jpg,0,0,0,0,0,0,0,0,0,1,1,1,1,1
학습-전입신고서875.jpg,0,0,0,0,0,0,0,0,0,1,1,1,1,1
학습-전입신고서876.jpg,0,0,0,0,0,0,0,0,0,1,1,1,1,1
학습-전입신고서877.jpg,0,0,0,0,0,0,0,0,0,1,1,1,1,1
학습-전입신고서878.jpg,0,0,0,0,0,1,0,0,0,0,0,1,1,1
학습-전입신고서879.jpg,0,0,0,0,0,1,0,0,0,0,0,1,1,1
학습-전입신고서880.jpg,0,0,0,0,0,1,0,0,0,0,0,1,1,1
학습-전입신고서881.jpg,0,0,0,0,0,1,0,0,0,0,0,1,1,1
학습-전입신고서882.jpg,0,0,0,0,0,1,0,0,0,0,0,1,1,1
학습-전입신고서883.jpg,0,0,0,0,0,1,0,0,0,0,0,1,1,1
학습-전입신고서884.jpg,0,0,0,0,0,1,0,0,0,0,0,1,1,1
학습-전입신고서885.jpg,0,0,0,0,0,1,0,0,0,0,0,1,1,1
학습-전입신고서886.jpg,0,0,0,0,0,1,0,0,0,0,0,1,1,1
학습-전입신고서887.jpg,0,0,0,0,0,1,0,0,0,0,0,1,1,1
학습-전입신고서888.jpg,0,0,0,0,0,1,0,0,0,0,0,1,1,1
학습-전입신고서889.jpg,0,0,0,0,0,1,0,0,0,0,0,1,1,1
학습-전입신고서890.jpg,0,0,0,0,0,1,0,0,0,0,0,1,1,1
학습-전입신고서891.jpg,0,0,0,0,0,1,0,0,0,0,0,1,1,1
학습-전입신고서892.jpg,0,0,0,0,0,1,0,0,0,0,0,1,1,1
학습-전입신고서893.jpg,0,0,0,0,0,1,0,0,0,0,0,1,1,1
학습-전입신고서894.jpg,0,0,0,0,0,1,0,0,0,0,0,1,1,1
학습-전입신고서895.jpg,0,0,0,0,0,1,0,0,0,0,0,1,1,1
학습-전입신고서896.jpg,0,0,0,0,0,1,0,0,0,0,0,1,1,1
학습-전입신고서897.jpg,0,0,0,0,0,1,0,0,0,0,0,1,1,1
학습-전입신고서898.jpg,0,0,0,0,0,1,0,0,0,0,0,1,1,1
학습-전입신고서899.jpg,0,0,0,0,0,1,0,0,0,0,0,1,1,1
학습-전입신고서900.jpg,0,0,0,0,0,1,0,0,0,0,0,1,1,1
학습-전입신고서901.jpg,0,0,0,0,0,1,0,0,0,0,0,1,1,1
학습-전입신고서902.jpg,0,0,0,0,0,1,0,0,0,0,0,1,1,1
학습-전입신고서903.jpg,0,0,0,0,0,1,0,0,0,0,0,1,1,1
학습-전입신고서904.jpg,0,0,0,0,0,1,0,0,0,0,0,1,1,1
학습-전입신고서905.jpg,0,0,0,0,0,1,0,0,0,0,0,1,1,1
학습-전입신고서906.jpg,0,0,0,0,0,1,0,0,0,0,0,1,1,1
학습-전입신고서907.jpg,0,0,0,0,0,1,0,0,0,0,0,1,1,1
학습-전입신고서908.jpg,0,0,0,0,0,1,0,0,0,0,0,1,1,1
학습-전입신고서909.jpg,0,0,0,0,0,1,0,0,0,0,0,1,1,1
학습-전입신고서910.jpg,0,0,0,0,0,1,0,0,0,0,0,1,1,1
학습-전입신고서911.jpg,0,0,0,0,0,1,0,0,0,0,0,1,1,1
학습-전입신고서912.jpg,0,0,0,0,0,1,0,0,0,0,0,1,1,1
학습-전입신고서913.jpg,0,0,0,0,0,1,0,0,0,0,0,1,1,1
학습-전입신고서914.jpg,0,0,0,0,0,1,0,0,0,0,0,1,1,1
학습-전입신고서915.jpg,0,0,0,0,0,1,0,0,0,0,0,1,1,1
학습-전입신고서916.jpg,0,0,0,0,0,1,0,0,0,0,0,1,1,1
학습-전입신고서917.jpg,0,0,0,0,0,1,0,0,0,0,0,1,1,1
학습-전입신고서918.jpg,0,0,0,0,0,1,0,0,0,0,0,1,1,1
학습-전입신고서919.jpg,0,0,0,0,0,1,0,0,0,0,0,1,1,1
학습-전입신고서920.jpg,0,0,0,0,0,1,0,0,0,0,0,1,1,1
학습-전입신고서921.jpg,0,0,0,0,0,1,0,0,0,0,0,1,1,1
학습-전입신고서922.jpg,0,0,0,0,0,1,0,0,0,0,0,1,1,1
학습-전입신고서923.jpg,0,0,0,0,0,1,0,0,0,0,0,1,1,1
학습-전입신고서924.jpg,0,0,0,0,0,1,0,0,0,0,0,1,1,1
학습-전입신고서925.jpg,0,0,0,0,0,1,0,0,0,0,0,1,1,1
학습-전입신고서926.jpg,0,0,0,0,0,1,0,0,0,0,0,1,1,1
학습-전입신고서927.jpg,0,0,0,0,0,1,0,0,0,0,0,1,1,1
학습-전입신고서928.jpg,0,0,0,0,0,1,0,0,0,0,0,1,1,1
학습-전입신고서929.jpg,0,0,0,0,0,1,0,0,0,0,0,1,1,1
학습-전입신고서930.jpg,0,0,0,0,0,1,0,0,0,0,0,1,1,1
학습-전입신고서931.jpg,0,0,0,0,0,1,0,0,0,0,0,1,1,1
학습-전입신고서932.jpg,0,0,0,0,0,1,0,0,0,0,0,1,1,1
학습-전입신고서933.jpg,0,0,0,0,0,1,0,0,0,0,0,1,1,1
학습-전입신고서934.jpg,0,0,0,0,0,1,0,0,0,0,0,1,1,1
학습-전입신고서935.jpg,0,0,0,0,0,1,0,0,0,0,0,1,1,1
학습-전입신고서936.jpg,0,0,0,0,0,1,0,0,0,0,0,1,1,1
학습-전입신고서937.jpg,0,0,0,0,0,1,0,0,0,0,0,1,1,1
학습-전입신고서938.jpg,0,0,0,0,0,1,0,0,0,0,0,1,1,1
학습-전입신고서939.jpg,0,0,0,0,0,1,0,0,0,0,0,1,1,1
학습-전입신고서940.jpg,0,0,0,0,0,1,0,0,0,0,0,1,1,1
학습-전입신고서941.jpg,0,0,0,0,0,1,0,0,0,0,0,1,1,1
학습-전입신고서942.jpg,0,0,0,0,0,1,0,0,0,0,0,1,1,1
학습-전입신고서943.jpg,0,0,0,0,0,1,0,0,0,0,0,1,1,1
학습-전입신고서944.jpg,0,0,0,0,0,1,0,0,0,0,0,1,1,1
학습-전입신고서945.jpg,0,0,0,0,0,1,0,0,0,0,0,1,1,1
학습-전입신고서946.jpg,0,0,0,0,0,1,0,0,0,0,0,1,1,1
학습-전입신고서947.jpg,0,0,0,0,0,1,0,0,0,0,0,1,1,1
학습-전입신고서948.jpg,0,0,0,0,0,1,0,0,0,0,0,1,1,1
학습-전입신고서949.jpg,0,0,0,0,0,1,0,0,0,0,0,1,1,1
학습-전입신고서950.jpg,0,0,0,0,0,1,0,0,0,0,0,1,1,1
학습-전입신고서951.jpg,0,0,0,0,0,1,0,0,0,0,0,1,1,1
학습-전입신고서952.jpg,0,0,0,0,0,1,0,0,0,0,0,1,1,1
학습-전입신고서953.jpg,0,0,0,0,0,1,0,0,0,0,0,1,1,1
학습-전입신고서954.jpg,0,0,0,0,0,1,0,0,0,0,0,1,1,1
학습-전입신고서955.jpg,0,0,0,0,0,1,0,0,0,0,0,1,1,1
학습-전입신고서956.jpg,0,0,0,0,0,1,0,0,0,0,0,1,1,1
학습-전입신고서957.jpg,0,0,0,0,0,1,0,0,0,0,0,1,1,1
학습-전입신고서958.jpg,0,0,0,0,0,1,0,0,0,0,0,1,1,1
학습-전입신고서959.jpg,0,0,0,0,0,1,0,0,0,0,0,1,1,1
학습-전입신고서960.jpg,0,0,0,0,0,1,0,0,0,0,0,1,1,1
학습-전입신고서961.jpg,0,0,0,0,0,1,0,0,0,0,0,1,1,1
학습-전입신고서962.jpg,0,0,0,0,0,1,0,0,0,0,0,1,1,1
학습-전입신고서963.jpg,0,0,0,0,0,1,0,0,0,0,0,1,1,1
학습-전입신고서964.jpg,0,0,0,0,0,1,0,0,0,0,0,1,1,1
학습-전입신고서965.jpg,0,0,0,0,0,1,0,0,0,0,0,1,1,1
학습-전입신고서966.jpg,0,0,0,0,0,1,0,0,0,0,0,1,1,1
학습-전입신고서967.jpg,0,0,0,0,0,1,0,0,0,0,0,1,1,1
학습-전입신고서968.jpg,0,0,0,0,0,1,0,0,0,0,0,1,1,1
학습-전입신고서969.jpg,0,0,0,0,0,1,0,0,0,0,0,1,1,1
학습-전입신고서970.jpg,0,0,0,0,0,1,0,0,0,0,0,1,1,1
학습-전입신고서971.jpg,0,0,0,0,0,1,0,0,0,0,0,1,1,1
학습-전입신고서972.jpg,0,0,0,0,0,1,0,0,0,0,0,1,1,1
학습-전입신고서973.jpg,0,0,0,0,0,1,0,0,0,0,0,1,1,1
학습-전입신고서974.jpg,0,0,0,0,0,1,0,0,0,0,0,1,1,1
학습-전입신고서975.jpg,0,0,0,0,0,1,0,0,0,0,0,1,1,1
학습-전입신고서976.jpg,0,0,0,0,0,1,0,0,0,0,0,1,1,1
학습-전입신고서977.jpg,0,0,0,0,0,1,0,0,0,0,0,1,1,1
학습-전입신고서978.jpg,0,0,0,0,0,0,1,1,1,1,0,1,1,1
학습-전입신고서979.jpg,0,0,0,0,0,0,1,1,1,1,0,1,1,1
학습-전입신고서980.jpg,0,0,0,0,0,0,1,1,1,1,0,1,1,1
학습-전입신고서981.jpg,0,0,0,0,0,0,1,1,1,1,0,1,1,1
학습-전입신고서982.jpg,0,0,0,0,0,0,1,1,1,1,0,1,1,1
학습-전입신고서983.jpg,0,0,0,0,0,0,1,1,1,1,0,1,1,1
학습-전입신고서984.jpg,0,0,0,0,0,0,1,1,1,1,0,1,1,1
학습-전입신고서985.jpg,0,0,0,0,0,0,1,1,1,1,0,1,1,1
학습-전입신고서986.jpg,0,0,0,0,0,0,1,1,1,1,0,1,1,1
학습-전입신고서987.jpg,0,0,0,0,0,0,1,1,1,1,0,1,1,1
학습-전입신고서988.jpg,0,0,0,0,0,0,1,1,1,1,0,1,1,1
학습-전입신고서989.jpg,0,0,0,0,0,0,1,1,1,1,0,1,1,1
학습-전입신고서990.jpg,0,0,0,0,0,0,1,1,1,1,0,1,1,1
학습-전입신고서991.jpg,0,0,0,0,0,0,1,1,1,1,0,1,1,1
학습-전입신고서992.jpg,0,0,0,0,0,0,1,1,1,1,0,1,1,1
학습-전입신고서993.jpg,0,0,0,0,0,0,1,1,1,1,0,1,1,1
학습-전입신고서994.jpg,0,0,0,0,0,0,1,1,1,1,0,1,1,1
학습-전입신고서995.jpg,0,0,0,0,0,0,1,1,1,1,0,1,1,1
학습-전입신고서996.jpg,0,0,0,0,0,0,1,1,1,1,0,1,1,1
학습-전입신고서997.jpg,0,0,0,0,0,0,1,1,1,1,0,1,1,1
학습-전입신고서998.jpg,0,0,0,0,0,0,1,1,1,1,0,1,1,1
학습-전입신고서999.jpg,0,0,0,0,0,0,1,1,1,1,0,1,1,1
학습-전입신고서1000.jpg,0,0,0,0,0,0,1,1,1,1,0,1,1,1
